Matrix,GFLOPS_SA_GPU,GFLOPS_BH,Ratio,CPU_Time_ms,GPU_Time_ms,PctImprovement,GPU_CPU_Ratio
12month1,323.0627,108.69747393296049,95.0,0.36195839999999996,0.4088576,-66.35406256031399,1.1295706909965344
333SP,243.90991100000002,135.01800036168854,95.0,0.321504,0.26488959999999995,-44.64431567863246,0.8239076341196375
AS365,190.509385,115.40537790033737,95.0,0.3856832,0.318112,-39.42273347828121,0.8248012876889634
Bump_2911,544.068608,626.9826027754267,85.0,0.32915839999999996,0.3988096,15.239621172083256,1.211603896482666
CoupCons3D,468.169799,538.2092430314442,75.0,0.07562880000000001,0.0724224,14.9602653099467,0.9576034526529574
Cube_Coup_dt0,561.785189,646.8249344744029,85.0,0.3081024,0.384704,15.13741322119529,1.2486238341538398
Cube_Coup_dt6,561.547111,648.0798199025892,85.0,0.305312,0.384256,15.409697104218424,1.2585682842469343
CurlCurl_4,340.086536,491.06367409179535,65.0,0.094848,0.0998976,44.39374162457149,1.0532388663967611
Emilia_923,509.0020610000001,652.1516044015241,75.0,0.10684160000000001,0.11891199999999999,28.123568521567137,1.1129747214568106
F1,485.89790300000004,303.7191834784698,95.0,0.1626048,0.16965760000000002,-37.493209663333374,1.0433738733419926
Fault_639,484.40147599999995,651.8480280980507,70.0,0.0783296,0.0809472,34.56772127962112,1.0334177628891248
Flan_1565,546.949743,633.8871589679186,85.0,0.175776,0.362496,15.894955081443118,2.0622610595303112
Freescale1,253.16242499999998,220.44697962153143,95.0,0.1639168,0.1534144,-12.922709749864564,0.9359284710292051
Freescale2,306.744901,168.8236833318091,95.0,0.2651392,0.178528,-44.96283955122401,0.6733368736120497
FullChip,276.620844,254.37614646052043,95.0,0.058975999999999994,0.20276480000000002,-8.04158400278742,3.4380900705371684
GAP-road,154.552385,159.11228049186212,90.0,0.37409919999999997,0.7152896,2.9503883048211366,1.9120318888679795
GL7d17,239.261881,92.76619893559324,95.0,0.480576,0.5499008,-61.228174522462595,1.1442535623917964
GL7d18,243.850992,102.62081296768417,95.0,0.586208,0.6807103999999999,-57.91658991172602,1.161209673017086
GL7d19,245.90663200000003,110.91158681000918,95.0,0.5850496,0.6619264,-54.89687044715037,1.131402192224386
GL7d20,237.578554,117.07865465614158,95.0,0.45199360000000005,0.497664,-50.720023888965336,1.1010421386497506
GL7d21,228.786191,125.6635881950085,95.0,0.26244480000000003,0.2800704,-45.073788043873456,1.0671592654912574
Ga41As41H72,455.29146999999995,415.5386043164194,80.0,0.0702464,0.0822848,-8.731300343399917,1.1713739067055393
Geo_1438,524.626944,636.2496979761008,80.0,0.1287744,0.1905728,21.276595732014265,1.4798966254162316
HV15R,588.71593,629.885256963598,90.0,0.70928,0.8882175999999999,6.993071677812081,1.252280622603203
Hardesty3,343.555782,339.295568777913,95.0,0.1821504,0.2275712,-1.2400353727963256,1.2493587716524368
Hook_1498,502.818319,611.4441304716484,80.0,0.123424,0.19162240000000003,21.60339179520792,1.5525537982888256
Long_Coup_dt0,547.37148,656.8035043359004,80.0,0.24222079999999999,0.2528896,19.99227733529345,1.0440457632044813
Long_Coup_dt6,547.37148,666.7150905821768,80.0,0.232416,0.2531712,21.803037780151932,1.0893019413465508
M6,191.194582,132.50383558965189,95.0,0.3022336,0.309952,-30.696866928137172,1.025537862104015
ML_Geer,560.045115,649.8376112284066,85.0,0.1653504,0.3333696,16.03308266127927,2.0161402693915464
ML_Laplace,500.46941899999996,722.5380971029155,65.0,0.058489599999999996,0.0701376,44.37207742815461,1.1991465149359886
NLR,178.114674,131.67192466487742,95.0,0.36622079999999996,0.3718784,-26.074633994009154,1.0154486036838979
PFlow_742,483.87613400000004,651.131567638471,70.0,0.1053056,0.10609919999999999,34.5657538957007,1.0075361614197156
Queen_4147,559.763665,615.3362751881082,90.0,0.827968,1.0609344,9.927870217890659,1.2813712607250523
RM07R,521.041416,529.5011815331555,95.0,0.0659904,0.1345216,1.6236263132594277,2.038502570070798
Serena,512.546869,616.1744245462758,80.0,0.1471808,0.20169600000000001,20.218161852877447,1.3703961386267776
StocF-1465,400.3771919999999,508.14244191232325,75.0,0.070304,0.07607040000000001,26.91593129318998,1.0820209376422394
Transport,422.55342,602.1628762397314,65.0,0.0697024,0.0709632,42.50573956772883,1.0180883298136076
adaptive,222.99856,183.59241928007486,95.0,0.2836608,0.263136,-17.671029229930962,0.9276431568972519
af_shell10,515.263783,702.8224406433646,70.0,0.11674880000000001,0.142016,36.4005124814613,1.2164236377590176
as-Skitter,339.846177,124.69092781587652,95.0,0.3389184,0.34727040000000003,-63.30959820805149,1.024643099932019
asia_osm,146.393069,148.66398222203003,90.0,0.3289664,0.3315456,1.5512436739952709,1.0078403143907706
audikw_1,539.968896,538.2919740094787,95.0,0.14144,0.2817088,-0.3105589975540437,1.9917194570135743
bone010,531.712407,647.1818108298422,80.0,0.1355264,0.21367039999999998,21.716514850826538,1.5765961465810352
boneS10,517.506549,665.1272734021879,75.0,0.13299840000000002,0.1592192,28.525382855046345,1.197151243924739
bundle_adj,441.30090399999995,495.56744360571895,85.0,0.0645312,0.07510399999999999,12.296947301453752,1.1638401269463452
cage14,405.0756840000001,402.1169638018295,85.0,0.112128,0.1281152,-0.7304117020686354,1.142579908675799
cage15,434.445515,446.70316730528646,85.0,0.36524159999999994,0.4354048,2.821447542227811,1.192100790271426
channel-500x100x100-b050,451.139143,546.166362845854,80.0,0.24931199999999998,0.3037376,21.063838356818003,1.2183031703247338
circuit5M,348.502875,306.4824761125107,95.0,0.1195392,0.3814464,-12.057403798315667,3.1909733376164473
circuit5M_dc,269.037242,211.08478717845597,95.0,0.1745536,0.151616,-21.540681279190345,0.8685927990027132
cit-Patents,191.262366,27.516610795234605,95.0,1.192384,0.2737152,-85.61315988570662,0.22955289571144863
coPapersCiteseer,495.572311,307.17919638830307,95.0,0.20201599999999997,0.1947968,-38.01526244102386,0.9642642166957074
coPapersDBLP,478.70286999999996,209.3825398923103,95.0,0.28341120000000003,0.2574272,-56.26043773409791,0.908316961362148
com-LiveJournal,282.034261,91.3005004376149,95.0,1.4736128,1.3858624,-67.62786899935716,0.9404522001980439
com-Orkut,276.619998,106.71800988615144,95.0,3.5868352000000003,4.3724608,-61.42071771464931,1.2190303028140237
delaunay_n22,263.460406,113.30038650938377,95.0,0.43483520000000003,0.299552,-56.9952888824654,0.6888862723165005
delaunay_n23,277.205058,128.31620100388997,95.0,0.773984,0.4834816,-53.710728826639965,0.6246661429693637
delaunay_n24,284.874355,152.87058621526657,95.0,1.3057408,0.7994368000000001,-46.33754020600887,0.6122476987775829
dgreen,302.803889,232.2135557574251,95.0,0.200256,0.3194048,-23.31222808124995,1.594982422499201
dielFilterV2real,485.62261899999993,490.2686737387579,95.0,0.0860416,0.1899712,0.9567212392876582,2.207899434692056
dielFilterV3clx,503.27815899999996,501.4853852862339,95.0,0.07745919999999999,0.1244416,-0.35621925603293525,1.606543832107742
dielFilterV3real,549.697287,502.8129728671279,95.0,0.146112,0.347808,-8.529115067812237,2.38042049934297
eu-2005,406.834602,254.96187875818993,95.0,0.1438912,0.12517119999999998,-37.33033584046277,0.8699017035093181
europe_osm,146.359496,143.76239365905818,95.0,0.8011775999999999,1.4945088,-1.7744679449714904,1.8653901457055215
fem_hifreq_circuit,442.60052900000005,371.43302589971194,95.0,0.05766400000000001,0.1025344,-16.079398563097538,1.778135405105438
germany_osm,137.790538,135.99440834524202,95.0,0.2731072,0.3566592,-1.3035217663189445,1.3059311508447966
great-britain_osm,136.032638,130.98882584557046,95.0,0.20478079999999999,0.2323264,-3.7077955912532783,1.1345126105572398
gsm_106857,398.924245,126.58073168240796,95.0,0.3170944,0.3346304,-68.26948141935873,1.0553021434626408
hollywood-2009,511.51249899999993,217.29014754262596,95.0,0.9655744,1.0381888,-57.52007077687734,1.0752033193920634
hugebubbles-00000,185.428239,133.48676419949646,95.0,0.81264,0.7526528,-28.011631389382675,0.9261823193542036
hugebubbles-00010,139.530642,114.67148207780282,95.0,1.0058688,0.947616,-17.816272874453755,0.9420870793487183
hugebubbles-00020,142.807891,117.04778717396431,95.0,1.0763264,1.0209664,-18.038291613756623,0.948565788221863
hugetrace-00010,177.19288,156.32503213024933,95.0,0.4459584,0.45322880000000004,-11.776911052944495,1.0163028659175386
hugetrace-00020,171.185324,155.24610940428954,95.0,0.5365184000000001,0.60992,-9.311087085777556,1.1368109649175124
hugetric-00000,178.965635,121.57720715372528,95.0,0.2785472,0.2586112,-32.06673049061889,0.9284286469223169
hugetric-00010,159.202751,119.66028385460031,95.0,0.32176,0.2950784,-24.837803930536158,0.917076081551467
hugetric-00020,158.31817,120.35057989636782,95.0,0.3470976,0.31984,-23.981827293501553,0.921469926614301
human_gene1,510.71635899999995,169.22979774244683,90.0,0.28416,0.2635136,-66.86423006425632,0.9273423423423424
human_gene2,483.629229,247.4741956878384,85.0,0.1388416,0.122624,-48.8297685812868,0.8831935097261915
indochina-2004,505.198298,509.5823960916406,95.0,0.6049216000000001,0.753408,0.8677974785339768,1.2454638749880975
inline_1,503.06545100000005,430.0331492222032,85.0,0.14944,0.1638016,-14.517455260070497,1.09610278372591
kmer_U1a,99.59764500000001,84.5450250959969,95.0,3.2645952,3.156864,-15.113429543442624,0.9670001352694509
kmer_V2a,103.87653,83.34053802155661,95.0,2.7973824,2.5606528,-19.76961685035435,0.9153746016275788
kron_g500-logn18,284.426844,72.43756221199875,95.0,0.4985536,0.5762560000000001,-74.53209366834632,1.1558556592510818
kron_g500-logn19,285.691664,77.93047910292047,95.0,0.9403520000000001,1.1085376,-72.72217256471282,1.178853875995372
kron_g500-logn20,281.293102,81.16381013760076,95.0,1.8090752,2.1882176,-71.14617828858071,1.2095780208583922
kron_g500-logn21,264.563149,73.14081289687402,95.0,4.53264,4.9271296,-72.35411916839786,1.0870330756468636
ldoor,502.012204,640.0578249018259,75.0,0.13036799999999998,0.13826560000000002,27.498459161328665,1.0605792832596959
ljournal-2008,308.048798,199.58403215538192,95.0,0.7835392000000001,0.7120512,-35.210254527471996,0.90876270134283
mawi_201512012345,111.85171199999999,93.69020017326821,95.0,0.3654592,0.8012736,-16.237133524368215,2.192511776964433
mawi_201512020000,111.68970899999998,96.66722217260978,95.0,0.5680959999999999,1.5262976,-13.450197839973063,2.6866895735931955
mawi_201512020030,111.27652,103.47638642231468,95.0,1.2094528,2.7445247999999998,-7.009685041988489,2.269228530456087
mouse_gene,392.894029,90.83434628707099,65.0,0.6259072,0.5248383999999999,-76.88070075326317,0.8385243052005152
msdoor,455.71269399999994,491.28483001199515,85.0,0.0662976,0.0759104,7.805825135078466,1.1449946906072015
mycielskian16,528.471378,228.89797045889281,95.0,0.23279999999999998,0.2845824,-56.68678002484122,1.2224329896907218
mycielskian17,549.35194,233.74367181704358,95.0,0.7823552,0.8328384,-57.45101549708852,1.064527212192109
mycielskian18,520.545901,244.83681955753812,95.0,1.7980224,2.4332672000000004,-52.965373641941696,1.3533019388412515
nd24k,532.08631,369.14869494430076,95.0,0.1266432,0.148736,-30.622403169083462,1.1744491611077421
nlpkkt120,481.26437100000004,544.9101549522337,85.0,0.1964608,0.3475968,13.224703050422502,1.769293416294752
nlpkkt160,497.205712,532.1591483526727,90.0,0.5088576,0.8519808,7.029974819089099,1.6743010225257517
nlpkkt80,438.855675,566.6588755443826,70.0,0.0722688,0.0945536,29.121920445573036,1.3083599008147362
packing-500x100x100-b050,415.911411,564.2242348227771,70.0,0.1107584,0.11673599999999999,35.659715001851,1.0539697214838784
rajat31,285.983291,385.99398495931376,70.0,0.0960384,0.0973056,34.97081721439235,1.0131947221111557
rel9,276.330831,131.04636413277962,95.0,0.34597120000000003,0.3445952,-52.57627834775352,0.9960227903363054
relat9,299.730857,118.54562469034985,95.0,0.6357184,0.6347264,-60.44930913124175,0.998439560660821
rgg_n_2_21_s0,345.346944,444.0900870444537,65.0,0.11255040000000001,0.123424,28.592447322902526,1.0966109405208688
rgg_n_2_22_s0,347.232112,415.9432407185893,75.0,0.2468544,0.28343039999999997,19.788241451179307,1.1481683129812552
rgg_n_2_23_s0,341.552243,366.2978368665282,85.0,0.5331007999999999,0.6799936,7.245039192006778,1.2755441372438385
rgg_n_2_24_s0,333.769438,352.80396736099664,90.0,0.9264127999999999,1.4814016,5.702897627492383,1.5990728970929593
road_central,150.140206,134.76179877697717,90.0,0.42799360000000003,0.4930304,-10.242697564317204,1.1519574124472889
road_usa,154.512659,158.7495158162899,90.0,0.4095872,0.717568,2.7420774735938447,1.751929747804619
soc-LiveJournal1,267.102999,102.48531949896348,95.0,1.1260352,1.3367104,-61.630786669316485,1.1870946840738195
soc-Pokec,251.301241,92.10879607694481,95.0,0.595232,0.6573632,-63.34725777301481,1.104381484866405
spal_004,544.435425,262.39044726324215,95.0,0.2744896,0.3445184,-51.80503780347464,1.2551236913894006
sx-stackoverflow,231.00995899999998,66.71038118232993,95.0,0.882592,1.0568256,-71.12229209896101,1.1974112613755845
uk-2002,452.763174,453.98551016127124,95.0,0.9171520000000001,1.3027776000000002,0.2699725223834666,1.4204598583440913
vas_stokes_1M,449.60696,391.819113359316,95.0,0.1518272,0.1686144,-12.852969767346126,1.1105678033975468
vas_stokes_2M,466.32659099999995,365.8145490188863,95.0,0.3474624,0.2931648,-21.55400183497442,0.8437310051389733
vas_stokes_4M,479.370504,477.5998629136075,95.0,0.3648,0.5434496,-0.3693679672857926,1.489719298245614
wb-edu,281.725833,281.4461625526534,95.0,0.2697792,0.399008,-0.09927043053472205,1.4790169145731027
wiki-topcats,334.394434,91.55960352363488,95.0,0.6144768,0.601664,-72.61928004350847,0.979148439778361
wikipedia-20051105,254.49750100000003,68.53833781529437,95.0,0.5276031999999999,0.5689472,-73.06915095590884,1.0783619204735682
wikipedia-20060925,245.60507200000004,67.38288452505623,95.0,1.0067264,1.0939328,-72.56453868140954,1.0866237341148497
wikipedia-20061104,239.324471,67.25940798951429,95.0,1.064416,1.1595584,-71.89614262658736,1.0893846015091844
wikipedia-20070206,236.66324500000002,67.33560380601118,95.0,1.2094016,1.3282624,-71.54792506710909,1.0982806703745058
