matrix_name,AVG_COL_RANGE,MEDIAN_NNZ_PER_COL,AVG_PERCENT_SIMULARITY,AVG_NNZ_PER_COL,ROWS,COLS,NNZ,CODE_SIZE,trace_processing_time,dependency_tree_generation_time,coarse_dag_generation_time,topological_sort_duration,PLDI_HEURISTIC_TIME,CODELET_STATS,RSS_WIDTH:,DLC_WIDTH:,PATTERN_WIDTH:,UNROLL_FACTOR:,PERCENT_COVERAGE:,NUM_DLC_CODELETS,NUM_RSS_CODELETS,NUM_PATTERNED:,AVG_DLC_BLOCK,AVG_RSS_BLOCK,NUM_COLLAPSED,AVG_BLOCK_SIZE,AVG_ITER_POINTS,NUM_COLLAPSED_POINTS:,NUM_CODELETS:,ENABLE_ITERATION_COVERAGE:,ENABLE_PARTIALLY_STRIDED:,ALGORITHM:,DDT_HEURISTIC_DURATION,GENERATION_DURATION,EXECUTION_TIME,PAPI_L1_DCM,EXECUTION_TIME,PAPI_L1_ICM,PAPI_L2_DCM,PAPI_L2_ICM,PAPI_L1_TCM,PAPI_L2_TCM,PAPI_L3_TCM,PAPI_TLB_IM,PAPI_L1_LDM,PAPI_L1_STM,PAPI_L2_LDM,PAPI_L2_STM,PAPI_STL_ICY,PAPI_STL_CCY,PAPI_BR_CN,PAPI_BR_MSP,PAPI_TOT_INS,PAPI_BR_INS,PAPI_TOT_CYC,PAPI_VEC_DP,PAPI_REF_CYC,PAPI_LST_INS,PAPI_VEC_SP,PAPI_SP_OPS,PAPI_DP_OPS,PAPI_LD_INS,PAPI_SR_INS,EXECUTION_TIME_PROFILER
2D_27628_bjtcai,1205.8404155204900,15.0,0.7651771007624170,16.030765889677100,27628,27628,442898,0,0.773179,1.02813,0.242248,0.116348,36.3612,1_1_0_0_0_NOREUSE_BASIC_SOLUTION:442898;,0,0,0,0,1,0,0,0,0,0,0,0,0,0,442898,0,0,PLDI,0.0376359,1.4219,0.000889472,65457,0.000828687,193535,63045,191809,258913,254819,14116,3483,24163,39,2095,31,1340300,1808247,171,22,1358423,462,2560090,885796,1943520,1357557,0,0,885796,914359,443196,0.000511219
2D_54019_highK,5439.639071437830,19,0.7978321437750100,18.445620985208900,54019,54019,996414,16777216,1.77685,2.74944,0.393735,0.275937,171.013,1_1_0_0_0_NOREUSE_BASIC_SOLUTION:996414;,0,0,0,0,1,0,0,0,0,0,0,0,0,0,996414,0,0,PLDI,0.0929393,3.09174,0.00330091,158021,0.00421526,435335,140873,430835,593138,570690,358415,7569,81449,39,2227,35,8045073,11550875,171,27,3046467,744,10075801,1992828,7751424,3045320,0,0,1992828,2048467,996851,0.00115968
3D_28984_Tetra,21252.75158708250,21.0,0.7498893943538640,20.672439966878300,28984,28984,599170,0,1.07433,1.46774,0.262961,0.210616,84.0551,1_1_0_0_0_NOREUSE_BASIC_SOLUTION:599170;,0,0,0,0,1,0,0,0,0,0,0,0,0,0,599170,0,0,PLDI,0.052203,1.8,0.00146211,96778,0.00158767,261286,91867,258458,357759,350381,68361,4654,42151,45,3557,37,3557091,3407620,171,24,1828905,540,4949211,1198340,3696576,1827960,0,0,1198340,1228451,599507,0.000694104
3D_51448_3D,21110.70982351110,21.0,0.7492691453897320,20.53743585756490,51448,51448,1056610,16777216,1.91422,2.91742,0.387079,0.373084,221.154,1_1_0_0_0_NOREUSE_BASIC_SOLUTION:1056610;,0,0,0,0,1,0,0,0,0,0,0,0,0,0,1056610,0,0,PLDI,0.0964685,3.47257,0.00352687,164584,0.0047862,460893,162449,455716,625714,617349,405388,7955,85318,37,3977,29,12656731,8882892,171,18,3224607,772,14729839,2113220,8445792,3223430,0,0,2113220,2166366,1057062,0.00123192
ABACUS_shell_ud,474.8044165385270,9.0,0.12700284020603500,9.332137365453610,23412,23412,218484,0,0.384481,0.49189,0.0834028,0.0607474,8.98048,1_1_0_0_0_NOREUSE_BASIC_SOLUTION:218484;,0,0,0,0,1,0,0,0,0,0,0,0,0,0,218484,0,0,PLDI,0.020003,0.655412,0.000325639,33834,0.000323438,96899,33058,95903,130792,129054,175,1549,12880,37,3923,29,139820,677818,171,18,680518,350,990880,436968,767232,679765,0,0,436968,461037,218726,0.000182989
ACTIVSg10K,20453.7172,6.0,0.36159050015992700,6.8868,20000,20000,137736,0,0.245193,0.303766,0.0495705,0.0329574,3.75486,1_4_1_X_1_NOREUSE_BASIC_SOLUTION:332;1_1_0_0_0_NOREUSE_BASIC_SOLUTION:136408;,0,0,0,0,1,0,0,0,0,0,0,0,0,0,136740,0,0,PLDI,0.0122796,0.405731,151489,0.000514992,62059,22915,61499,213296,83624,20,361,113861,39,1801,24,307806,765865,122887,127,1295627,123037,1295974,766352,1187040,814569,0,0,2238788,676652,137915,0.00022291,
ACTIVSg70K,710.7607822968900,2,0.22568461706617000,2.204502921470310,69999,69999,154313,0,0.432918,0.610674,0.140709,0.0850792,10.6327,1_4_1_X_1_NOREUSE_BASIC_SOLUTION:1360;1_1_0_0_0_NOREUSE_BASIC_SOLUTION:233187;,0,0,0,0,1,0,0,0,0,0,0,0,0,0,234547,0,0,PLDI,0.0342312,0.703602,0.000602285,,,,,,,,,,,,,,,,,,,,,,,,,,,,,
af23560,1204.4427843803100,21.0,0.6206985799316870,20.55415959252970,23560,23560,484256,0,0.874502,1.15,0.228134,0.122345,42.8861,1_1_0_0_0_NOREUSE_BASIC_SOLUTION:484256;,0,0,0,0,1,0,0,0,0,0,0,0,0,0,484256,0,0,PLDI,0.0378772,1.50481,0.001006,68770,0.00101461,211333,67092,208858,279255,276075,23473,3783,25713,25,1409,31,1885708,2170043,171,21,1478516,484,2859249,968512,2162592,1477628,0,0,968512,993061,484565,0.00044012
af_shell10,5252.121911853930,15,0.9572659805155830,17.963546001001300,1508065,1508065,27090195,1308622848,93.6285,183.312,30.4795,41.6124,2.76e-07,15_1_X_X_X_NOREUSE_ITERATION_CODELET:1;1_1_0_0_0_NOREUSE_BASIC_SOLUTION:52672324;,0,0,0,0,0,0,0,0,0,0,0,0,0,0,52672325,0,0,UNROLL,7.63913,432.031,0.176105,7452970,0.28024,22793945,7403205,22596770,30245041,29982844,29825602,381910,4148727,135,53720,32,769778404,436046848,189,26,159631525,26869,861393756,105344678,666643008,159604303,0,0,105344678,106918606,52685695,0.0694231
aft01,208.71273613650200,7,0.8011719022079720,8.15185862279098,8205,8205,66886,0,0.217659,0.256941,0.033508,0.0244191,3.42302,1_1_0_0_0_NOREUSE_BASIC_SOLUTION:125567;,0,0,0,0,1,0,0,0,0,0,0,0,0,0,125567,0,0,PLDI,0.00870692,0.36523,0.000177168,18059,0.000178419,54913,17420,54386,72918,71802,9,240,5928,35,1698,31,59037,354798,171,27,386378,303,544307,251134,422112,385670,0,0,251134,259882,125786,0.000106736
airfoil_2d,683.7669199380890,19.0,0.07655421241297240,18.26987477135220,14214,14214,259688,0,0.468718,0.568492,0.0799531,0.0595347,13.129,1_1_0_0_0_NOREUSE_BASIC_SOLUTION:259640;1_4_1_1_1_NOREUSE_BASIC_SOLUTION:12;,0,0,0,0,1,0,0,0,0,0,0,0,0,0,259652,0,0,PLDI,0.0198631,0.80613,0.000376349,38962,0.000376513,113439,36360,112289,152369,148498,331,1893,16695,35,4980,33,188776,761356,171,25,795013,370,1150822,519376,891936,794239,0,0,519376,534297,259940,0.000267493
Andrews,49676.53055,6.0,0.0004057865851395740,6.834616666666670,60000,60000,410077,16777216,1.36887,2.13197,0.367822,0.239601,100.848,1_1_0_0_0_NOREUSE_BASIC_SOLUTION:760154;,0,0,0,0,1,0,0,0,0,0,0,0,0,0,760154,0,0,PLDI,0.077158,2.35095,0.00227953,740957,0.00271373,334180,143132,330690,1076679,475949,169412,5586,689791,66,30935,32,5327752,6896841,171,21,2343188,622,6946969,1520308,5340672,2342162,0,0,1520308,1581629,760531,0.0010483
apache1,1601.5999752475200,4.0,0.2597092785801610,3.8550990099009900,80800,80800,311492,0,0.983006,1.44515,0.325621,0.225603,52.3844,1_1_0_0_0_NOREUSE_BASIC_SOLUTION:540208;1_4_1_X_1_NOREUSE_BASIC_SOLUTION:494;,0,0,0,0,1,0,0,0,0,0,0,0,0,0,540702,0,0,PLDI,0.0638114,1.77967,0.000616749,,,,,,,,,,,,,,,,,,,,,,,,,,,,,
appu,27537.234642857100,132.0,0.011685731430664800,132.36457142857100,14000,14000,1853104,16777216,3.23503,5.90727,0.811304,0.507192,587.566,1_1_0_0_0_NOREUSE_BASIC_SOLUTION:1853104;,0,0,0,0,1,0,0,0,0,0,0,0,0,0,1853104,0,0,PLDI,0.179247,6.05165,0.00637924,1624333,0.00903844,797238,237392,789524,2421537,1026732,945666,13500,1514986,32,2932,28,16280523,24119442,171,24,5578242,1176,19742076,3706208,22183392,5576664,0,0,3706208,3722907,1853755,0.00227613
ASIC_100k,86231.1870545601,7.0,0.5863645525872310,9.605023152808540,99340,99340,954163,16777216,1.67181,2.85178,0.456425,0.318298,6191.72,1_4_1_X_1_NOREUSE_BASIC_SOLUTION:685;1_1_0_0_0_NOREUSE_BASIC_SOLUTION:951423;,0,0,0,0,1,0,0,0,0,0,0,0,0,0,952108,0,0,PLDI,0.110375,2.92497,0.00357731,406517,0.00446412,423809,224342,419343,829842,643486,341208,7390,194456,41,41171,38,7168143,8032770,149967,160,4017262,150555,12804752,2507766,10812288,3565756,0,0,4305138,2611204,954550,0.00127594
ASIC_100ks,9648.658685351350,5.0,0.4815911066558680,5.836173001310620,99190,99190,578890,0,1.03502,1.53751,0.420434,0.196653,59.4652,1_4_1_X_1_NOREUSE_BASIC_SOLUTION:588;1_4_1_1_1_NOREUSE_BASIC_SOLUTION:34;1_1_0_0_0_NOREUSE_BASIC_SOLUTION:576402;,0,0,0,0,1,0,0,0,0,0,0,0,0,0,577024,0,0,PLDI,0.0746267,1.79452,0.000916536,,,,,,,,,,,,,,,,,,,,,,,,,,,,,
dawson5,630.5148340027550,10,0.5412898612117440,10.306323612162100,51537,51537,531157,16777216,1.80078,2.7788,0.380454,0.273172,174.931,1_4_1_1_1_NOREUSE_BASIC_SOLUTION:49;1_1_0_0_0_NOREUSE_BASIC_SOLUTION:1010581;,0,0,0,0,1,0,0,0,0,0,0,0,0,0,1010630,0,0,PLDI,0.0928836,3.57694,0.00114713,,,,,,,,,,,,,,,,,,,,,,,,,,,,,
dbic1,40678.36371991500,4,0.4854619080822420,4.780210943057750,43200,226317,1081843,16777216,1.89521,2.75592,0.379614,0.290074,3.21e-07,1_1_0_0_0_NOREUSE_BASIC_SOLUTION:1081843;,0,0,0,0,0,0,0,0,0,0,0,0,0,0,1081843,0,0,UNROLL,0.0944046,3.62154,0.0012411,,,,,,,,,,,,,,,,,,,,,,,,,,,,,
dbir1,9378.492495903880,2,0.3210703758449440,23.528672856362600,18804,45775,1077025,16777216,1.85156,2.56179,0.319262,0.251071,5.18e-07,1_1_0_0_0_NOREUSE_BASIC_SOLUTION:1077025;,0,0,0,0,0,0,0,0,0,0,0,0,0,0,1077025,0,0,UNROLL,0.0789169,3.83993,0.00289439,142411,0.00377115,399220,141868,395073,541676,536927,306388,6990,63025,40,1309,34,10006395,6775088,171,24,3253256,782,11705372,2154050,9121728,3252069,0,0,2154050,2174585,1077482,0.00138126
dbir2,9437.967129498440,2,0.32170835267513500,25.244872158162000,18906,45877,1158159,16777216,2.0388,2.74738,0.331755,0.273118,2.52e-07,1_1_0_0_0_NOREUSE_BASIC_SOLUTION:1158159;,0,0,0,0,0,0,0,0,0,0,0,0,0,0,1158159,0,0,UNROLL,0.0862106,3.79838,0.00334433,152915,0.0050175,428989,152118,280638,581820,576797,360025,7444,69149,35,1476,30,11371039,7895822,171,23,3496919,824,10579281,2316318,12168288,3495693,0,0,2316318,2337055,1158636,0.00148239
dc1,115173.87895750400,5,0.4995138034182160,6.559643942311810,116835,116835,766396,16777216,1.36696,2.05363,0.466798,0.2706,9108.03,1_4_1_X_1_NOREUSE_BASIC_SOLUTION:196;1_4_1_1_1_NOREUSE_BASIC_SOLUTION:4;1_1_0_0_0_NOREUSE_BASIC_SOLUTION:765596;,0,0,0,0,1,0,0,0,0,0,0,0,0,0,765796,0,0,PLDI,0.106326,6.30389,0.000920325,,,,,,,,,,,,,,,,,,,,,,,,,,,,,
dc2,115173.87895750400,5,0.4995138034182160,6.559643942311810,116835,116835,766396,16777216,1.36869,2.04367,0.461134,0.265501,9167.15,1_4_1_X_1_NOREUSE_BASIC_SOLUTION:196;1_4_1_1_1_NOREUSE_BASIC_SOLUTION:4;1_1_0_0_0_NOREUSE_BASIC_SOLUTION:765596;,0,0,0,0,1,0,0,0,0,0,0,0,0,0,765796,0,0,PLDI,0.103598,4.34273,0.000924288,,,,,,,,,,,,,,,,,,,,,,,,,,,,,
dc3,115173.87895750400,5,0.4995138034182160,6.559643942311810,116835,116835,766396,16777216,1.39692,2.09132,0.468548,0.268521,9156.42,1_4_1_X_1_NOREUSE_BASIC_SOLUTION:196;1_4_1_1_1_NOREUSE_BASIC_SOLUTION:4;1_1_0_0_0_NOREUSE_BASIC_SOLUTION:765596;,0,0,0,0,1,0,0,0,0,0,0,0,0,0,765796,0,0,PLDI,0.105007,2.43017,0.000923894,,,,,,,,,,,,,,,,,,,,,,,,,,,,,
degme,223290.84446820300,12,0.18305512830930100,12.325361115534200,185501,659415,8127528,150994944,14.1866,24.1603,3.95566,3.99326,6.82e-07,1_1_0_0_0_NOREUSE_BASIC_SOLUTION:8127528;,0,0,0,0,0,0,0,0,0,0,0,0,0,0,8127528,0,0,UNROLL,0.861363,27.8831,0.0103658,,,,,,,,,,,,,,,,,,,,,,,,,,,,,
dgreen,1320560.0763711100,32,0.04081206353853440,31.867005216510600,1200611,1200611,38259877,973078528,70.376,146.791,21.0067,16.5644,4.5e-07,29_1_X_X_X_NOREUSE_ITERATION_CODELET:1;1_1_0_0_0_NOREUSE_BASIC_SOLUTION:38259876;,0,0,0,0,0,0,0,0,0,0,0,0,0,0,38259877,0,0,UNROLL,5.63589,390.956,0.143787,32850545,0.206268,16571025,7158813,16415045,49410518,23589821,22226384,277547,30354576,465,2306173,80,548712205,374216755,203,34,116058098,19542,634554281,76519810,490991904,116038009,0,0,76519810,77768347,38269660,0.0645299
m133-b3,74522.29356643360,4.0,0.00851902357154631,4.0,200200,200200,800800,16777216,1.32969,2.60109,0.743819,0.409157,110.94,1_1_0_0_0_NOREUSE_BASIC_SOLUTION:800800;,0,0,0,0,1,0,0,0,0,0,0,0,0,0,800800,0,0,PLDI,0.1696,3.61794,0.00301044,286900,0.00426131,369855,260592,366069,657149,621496,392388,6567,227927,37,32090,25,12142352,8525618,171,22,2605380,644,13659144,1601600,10688300,2604331,0,0,1601600,1803141,801188,0.00108245
qa8fk,1961.7412857078000,14,0.6431365109298400,13.055983183873500,66127,66127,863353,16777216,2.94808,4.49683,0.662166,0.545829,465.261,1_1_0_0_0_NOREUSE_BASIC_SOLUTION:1660579;,0,0,0,0,1,0,0,0,0,0,0,0,0,0,1660579,0,0,PLDI,0.17379,8.15037,0.00601766,257792,0.00834164,721768,226498,714685,967677,941475,856554,12411,151769,40,2065,32,22927582,15277011,171,24,5052399,1077,25804506,3321158,20031648,5050916,0,0,3321158,3389732,1661182,0.00187619
r05,2540.0846233230100,2.0,0.25802456393848700,10.74767801857590,5190,9690,104145,0,0.177792,0.182048,0.0268545,0.0169847,4.29528,1_4_1_X_1_NOREUSE_BASIC_SOLUTION:1500;1_1_0_0_0_NOREUSE_BASIC_SOLUTION:98145;,0,0,0,0,1,0,0,0,0,0,0,0,0,0,99645,0,0,PLDI,0.00639302,0.316967,0.000125853,,,,,,,,,,,,,,,,,,,,,,,,,,,,,
radiation,266189.3391019440,33.0,0.02323660791853350,34.23375645438900,223104,223104,7637688,117440512,14.1194,25.424,3.85593,2.52485,5.79e-07,1_1_0_0_0_NOREUSE_BASIC_SOLUTION:7637688;,0,0,0,0,0,0,0,0,0,0,0,0,0,0,7637688,0,0,UNROLL,0.844508,26.6826,0.0279738,4889840,0.0417592,3305984,1152413,3273677,8199986,4426988,4306421,55472,4428145,99,72787,29,70727474,114027147,171,26,23152631,4099,86023705,15275376,66649728,23148142,0,0,15275376,15508356,7639784,0.0102567
raefsky1,1353.7390499691500,108.0,0.8975258554293400,90.76989512646510,3242,3242,294276,0,0.518495,0.596176,0.101663,0.0642755,18.9977,1_1_0_0_0_NOREUSE_BASIC_SOLUTION:294276;,0,0,0,0,1,0,0,0,0,0,0,0,0,0,294276,0,0,PLDI,0.0211675,0.961186,0.000441244,40860,0.000446967,126841,38148,125367,167601,163661,991,2295,13417,34,2538,13,199060,799305,171,17,887880,387,1097793,588552,849504,887089,0,0,588552,592550,294537,0.000331493
raefsky2,1353.7390499691500,108.0,0.8975258554293400,90.76989512646510,3242,3242,294276,0,0.510965,0.599517,0.100576,0.0639009,18.877,1_1_0_0_0_NOREUSE_BASIC_SOLUTION:294276;,0,0,0,0,1,0,0,0,0,0,0,0,0,0,294276,0,0,PLDI,0.0204393,0.890875,0.000435141,40900,0.000446449,126829,38262,125371,167561,163576,705,2220,13621,32,3153,13,216486,753755,171,23,887881,387,1071500,588552,827040,887089,0,0,588552,592550,294537,0.000331644
raefsky3,2806.799716981130,72.0,0.9583628158560990,70.22490566037740,21200,21200,1488768,16777216,2.6244,3.78124,0.542707,0.483457,2.17e-07,1_1_0_0_0_NOREUSE_BASIC_SOLUTION:1488768;,0,0,0,0,0,0,0,0,0,0,0,0,0,0,1488768,0,0,UNROLL,0.123966,4.9408,0.00533054,201972,0.00741512,642577,195672,635637,844983,831476,727457,11037,90286,43,8494,34,20291757,13527313,171,23,4491708,991,23423265,2977536,17688000,4490312,0,0,2977536,3000982,1489328,0.001557
raefsky5,830.1136795440150,24.0,0.9197273744449910,26.703293223559200,6316,6316,168658,0,0.297962,0.332483,0.0549178,0.034236,5.88296,1_1_0_0_0_NOREUSE_BASIC_SOLUTION:168658;,0,0,0,0,1,0,0,0,0,0,0,0,0,0,168658,0,0,PLDI,0.0120192,0.499796,0.000245151,24408,0.000244605,73356,22829,72594,97798,95440,150,800,9487,34,251,32,273088,455078,171,22,513849,325,734306,337316,442944,513120,0,0,337316,344230,168888,0.00017144
raefsky6,1308.6687242798400,38.0,0.8827402918659990,40.51881246325690,3402,3402,137845,0,0.241826,0.269519,0.0394074,0.0249198,4.73897,1_1_0_0_0_NOREUSE_BASIC_SOLUTION:137845;,0,0,0,0,1,0,0,0,0,0,0,0,0,0,137845,0,0,PLDI,0.00909094,0.461924,0.000193026,19529,0.000193349,59494,18199,58927,79034,77142,4,468,6300,35,1525,34,71735,357300,171,24,418434,309,594602,275690,462240,417721,0,0,275690,279652,138067,0.000150534
rail_20209,2518.559998020680,3,0.310522922714881,3.944826562422680,20209,20209,79721,0,0.250142,0.301729,0.0536418,0.0349771,3.79675,1_1_0_0_0_NOREUSE_BASIC_SOLUTION:136317;1_4_1_X_1_NOREUSE_BASIC_SOLUTION:729;,0,0,0,0,1,0,0,0,0,0,0,0,0,0,137046,0,0,PLDI,0.0121268,0.407056,0.000159141,,,,,,,,,,,,,,,,,,,,,,,,,,,,,
rail2586,3732.877902323160,9,0.7948944551891810,8.67716992555799,2586,923269,8011362,117440512,13.8187,20.2799,4.39609,2.33517,4.17e-07,1_1_0_0_0_NOREUSE_BASIC_SOLUTION:8011362;,0,0,0,0,0,0,0,0,0,0,0,0,0,0,8011362,0,0,UNROLL,0.605395,26.7114,0.0112651,,,,,,,,,,,,,,,,,,,,,,,,,,,,,
rail4284,4965.893163787930,11.0,0.837832999062425,10.287258385951600,4284,1096894,11284032,201326592,19.8953,27.6666,5.79035,3.46161,3.47e-07,1_1_0_0_0_NOREUSE_BASIC_SOLUTION:11284032;,0,0,0,0,0,0,0,0,0,0,0,0,0,0,11284032,0,0,UNROLL,0.870603,40.0332,0.0158882,,,,,,,,,,,,,,,,,,,,,,,,,,,,,
rail507,681.237215819636,6.0,0.7489589067768690,6.452799294665910,507,63516,409856,0,0.708456,0.739019,0.135271,0.0812128,50.1609,1_1_0_0_0_NOREUSE_BASIC_SOLUTION:409856;,0,0,0,0,1,0,0,0,0,0,0,0,0,0,409856,0,0,PLDI,0.0276315,1.25676,0.000528658,,,,,,,,,,,,,,,,,,,,,,,,,,,,,
rail516,693.7384531749850,7,0.7378745804067780,6.594852280092840,516,47827,315412,0,0.538687,0.56092,0.0987679,0.0618276,72.9921,1_4_1_X_1_NOREUSE_BASIC_SOLUTION:1;1_1_0_0_0_NOREUSE_BASIC_SOLUTION:315408;,0,0,0,0,1,0,0,0,0,0,0,0,0,0,315409,0,0,PLDI,0.0208096,1.00212,0.000403632,,,,,,,,,,,,,,,,,,,,,,,,,,,,,
rail582,780.9020446726210,7,0.7715314807167810,7.17132823502148,582,56097,402290,0,0.686772,0.73206,0.132397,0.0780569,147.033,1_1_0_0_0_NOREUSE_BASIC_SOLUTION:402290;,0,0,0,0,1,0,0,0,0,0,0,0,0,0,402290,0,0,PLDI,0.0256968,1.21972,0.00051865,,,,,,,,,,,,,,,,,,,,,,,,,,,,,
rail_79841,5388.164351648900,3,0.31291767562899000,3.968900690121620,79841,79841,316881,0,0.976931,1.45435,0.340785,0.236203,52.8095,1_1_0_0_0_NOREUSE_BASIC_SOLUTION:541049;1_4_1_X_1_NOREUSE_BASIC_SOLUTION:3218;,0,0,0,0,1,0,0,0,0,0,0,0,0,0,544267,0,0,PLDI,0.0657832,1.67423,0.000674213,,,,,,,,,,,,,,,,,,,,,,,,,,,,,
Raj1,176969.3562483180,4,0.4075081047456450,4.938383198795800,263743,263743,1302464,16777216,2.3696,4.06949,0.928917,0.552456,2.92e-07,1_1_0_0_0_NOREUSE_BASIC_SOLUTION:1302464;,0,0,0,0,0,0,0,0,0,0,0,0,0,0,1302464,0,0,UNROLL,0.287192,4.11552,0.00493518,331583,0.00683183,589085,311666,583384,922200,894510,685688,10123,231243,137,29915,28,18829541,13090556,171,21,4174896,896,22804559,2604928,16629120,4173594,0,0,2604928,2870615,1302977,0.00168503
rajat15,38586.616059687100,5,0.5004019982771470,11.904484581734300,37261,37261,443573,0,0.832497,1.08344,0.229146,0.122646,37.3903,1_4_1_X_1_NOREUSE_BASIC_SOLUTION:2703;1_1_0_0_0_NOREUSE_BASIC_SOLUTION:432761;,0,0,0,0,1,0,0,0,0,0,0,0,0,0,435464,0,0,PLDI,0.041841,1.33604,1306559,0.0041984,198926,89322,196734,1505519,286039,17112,3543,858979,114,10983,42,2556905,6260815,1216699,973,9901833,1217501,10022707,5753698,9234048,5381538,0,0,20352166,4937977,443559,0.000571703,
rajat16,24737.968449742300,5.0,0.46040026331903500,6.799573673828660,94294,94294,641159,16777216,1.18332,1.70802,0.373113,0.218169,342.851,1_4_1_1_1_NOREUSE_BASIC_SOLUTION:42;1_1_0_0_0_NOREUSE_BASIC_SOLUTION:631147;1_4_1_X_1_NOREUSE_BASIC_SOLUTION:2461;,0,0,0,0,1,0,0,0,0,0,0,0,0,0,633650,0,0,PLDI,0.0824123,1.97509,0.000884408,,,,,,,,,,,,,,,,,,,,,,,,,,,,,
rajat17,24737.968449742300,5.0,0.46040026331903500,6.799573673828660,94294,94294,641159,16777216,1.17546,1.70466,0.375841,0.219115,343.607,1_4_1_1_1_NOREUSE_BASIC_SOLUTION:42;1_1_0_0_0_NOREUSE_BASIC_SOLUTION:631147;1_4_1_X_1_NOREUSE_BASIC_SOLUTION:2461;,0,0,0,0,1,0,0,0,0,0,0,0,0,0,633650,0,0,PLDI,0.0813867,1.959,0.000887444,,,,,,,,,,,,,,,,,,,,,,,,,,,,,
rajat18,21538.062305130800,3.0,0.44313031475030200,5.145003923897600,94294,94294,485143,0,0.905588,1.32056,0.322068,0.16991,313.924,1_4_1_1_1_NOREUSE_BASIC_SOLUTION:320;1_1_0_0_0_NOREUSE_BASIC_SOLUTION:471551;1_4_1_X_1_NOREUSE_BASIC_SOLUTION:3078;,0,0,0,0,1,0,0,0,0,0,0,0,0,0,474949,0,0,PLDI,0.0604962,1.45838,0.000695421,,,,,,,,,,,,,,,,,,,,,,,,,,,,,
rajat20,24755.35296148010,5.0,0.4548782822949180,6.961261447834690,86916,86916,605045,16777216,1.1723,1.58168,0.411018,0.207122,343.909,1_4_1_1_1_NOREUSE_BASIC_SOLUTION:67;1_1_0_0_0_NOREUSE_BASIC_SOLUTION:593845;1_4_1_X_1_NOREUSE_BASIC_SOLUTION:2733;,0,0,0,0,1,0,0,0,0,0,0,0,0,0,596645,0,0,PLDI,0.0749528,1.82718,0.000834942,,,,,,,,,,,,,,,,,,,,,,,,,,,,,
rajat21,91928.58633245560,3.0,0.50862407949294,4.599175079431400,411676,411676,1893370,16777216,3.39626,6.22874,1.49954,0.836731,2.76e-07,1_1_0_0_0_NOREUSE_BASIC_SOLUTION:1893370;,0,0,0,0,0,0,0,0,0,0,0,0,0,0,1893370,0,0,UNROLL,0.359807,5.85453,0.00734928,417303,0.010334,864835,411031,856666,1282306,1267544,1112674,14779,270362,44,26240,18,28202928,19672327,171,24,6096710,1198,22745369,3786740,17523552,6095112,0,0,3786740,4201079,1894031,0.00273125
rajat22,5650.17529261385,4,0.4727136083547430,4.944083811624350,39899,39899,197264,0,0.353048,0.467639,0.0887887,0.0579093,16.2314,1_4_1_1_1_NOREUSE_BASIC_SOLUTION:195;1_1_0_0_0_NOREUSE_BASIC_SOLUTION:193116;1_4_1_X_1_NOREUSE_BASIC_SOLUTION:842;,0,0,0,0,1,0,0,0,0,0,0,0,0,0,194153,0,0,PLDI,0.0224231,0.587865,294813,0.00170201,90597,40190,89727,385485,129683,120,1528,76747,51,3218,31,1489359,3071866,280569,253,2599948,280819,4360566,1516428,4026720,1745236,0,0,4880672,1547795,197439,0.000297146,
rajat23,7719.791409541930,4,0.48552299683237700,5.0467853744732900,110355,110355,556938,0,0.99556,1.50856,0.409847,0.197421,58.8804,1_4_1_1_1_NOREUSE_BASIC_SOLUTION:59;1_1_0_0_0_NOREUSE_BASIC_SOLUTION:552698;1_4_1_X_1_NOREUSE_BASIC_SOLUTION:1001;,0,0,0,0,1,0,0,0,0,0,0,0,0,0,553758,0,0,PLDI,0.0735903,1.67856,0.000814472,,,,,,,,,,,,,,,,,,,,,,,,,,,,,
rajat24,90694.93276414680,4.0,0.5005200888749030,5.439383871436070,358172,358172,1948235,50331648,3.49648,6.31702,1.42472,0.8304,3.56e-07,1_1_0_0_0_NOREUSE_BASIC_SOLUTION:1948235;,0,0,0,0,0,0,0,0,0,0,0,0,0,0,1948235,0,0,UNROLL,0.335862,6.15457,0.00750116,452863,0.0105494,882309,435293,873492,1335464,1305556,1143994,15036,301805,51,44702,34,29022003,19816028,171,25,6207915,1224,23274296,3896470,17934336,6206286,0,0,3896470,4257375,1948909,0.00278946
rajat25,24803.101823603600,5.0,0.45494060779080900,6.96450280995527,87190,87190,607235,16777216,1.1631,1.59905,0.413855,0.209455,343.763,1_4_1_1_1_NOREUSE_BASIC_SOLUTION:22;1_1_0_0_0_NOREUSE_BASIC_SOLUTION:598519;1_4_1_X_1_NOREUSE_BASIC_SOLUTION:2157;,0,0,0,0,1,0,0,0,0,0,0,0,0,0,600698,0,0,PLDI,0.075817,1.85175,0.000848177,,,,,,,,,,,,,,,,,,,,,,,,,,,,,
rajat26,6070.861949365100,4.0,0.4719183559534290,4.885209280451480,51032,51032,249302,0,0.437904,0.601883,0.119461,0.080064,17.5953,1_4_1_1_1_NOREUSE_BASIC_SOLUTION:200;1_1_0_0_0_NOREUSE_BASIC_SOLUTION:245070;1_4_1_X_1_NOREUSE_BASIC_SOLUTION:858;,0,0,0,0,1,0,0,0,0,0,0,0,0,0,246128,0,0,PLDI,0.0272359,0.849109,0.000364854,,,,,,,,,,,,,,,,,,,,,,,,,,,,,
rajat28,24803.101823603600,5.0,0.45494060779080900,6.96450280995527,87190,87190,607235,16777216,1.06718,1.61063,0.416701,0.209244,343.228,1_4_1_1_1_NOREUSE_BASIC_SOLUTION:22;1_1_0_0_0_NOREUSE_BASIC_SOLUTION:598519;1_4_1_X_1_NOREUSE_BASIC_SOLUTION:2157;,0,0,0,0,1,0,0,0,0,0,0,0,0,0,600698,0,0,PLDI,0.0755911,1.81799,0.000843647,,,,,,,,,,,,,,,,,,,,,,,,,,,,,
rajat29,483878.24408457200,5.0,0.5754561747987400,7.556390276928050,643994,643994,4866270,100663296,8.70959,15.3216,3.54986,2.07419,4.67e-07,1_1_0_0_0_NOREUSE_BASIC_SOLUTION:4866270;,0,0,0,0,0,0,0,0,0,0,0,0,0,0,4866270,0,0,UNROLL,0.729122,16.463,0.0183924,1087004,0.0266754,2136449,982598,2116948,3225256,3098586,2973531,36727,625012,199,50311,29,72990506,48677472,171,22,15253616,2692,82054321,9732540,63503328,15250513,0,0,9732540,10382837,4867674,0.0071509
rajat30,485008.67411652900,7.0,0.5644348625364690,9.589184060721060,643994,643994,6175377,100663296,11.1282,19.0986,6.1082,3.59769,3.3e-07,1_1_0_0_0_NOREUSE_BASIC_SOLUTION:6175377;,0,0,0,0,0,0,0,0,0,0,0,0,0,0,6175377,0,0,UNROLL,1.56696,20.7759,0.0232008,1423290,0.0341229,2697690,1201584,2673508,4125627,3873591,3747924,45481,911185,241,72013,30,56784708,95253337,171,23,19183565,3361,71309007,12350754,55280640,19179811,0,0,12350754,13002701,6177108,0.00882965
rajat31,9113.17335280454,5.0,0.23992536462686500,4.331821820118630,4690002,4690002,20316253,570425344,36.5895,76.8197,23.5108,10.1418,2.94e-07,1_1_X_X_X_NOREUSE_ITERATION_CODELET:1;1_1_0_0_0_NOREUSE_BASIC_SOLUTION:20316252;,0,0,0,0,0,0,0,0,0,0,0,0,0,0,20316253,0,0,UNROLL,4.61877,112.441,0.0802889,4068265,0.119076,9315835,4383429,9224475,13385378,13603296,13383858,156076,2736398,127,137555,30,204060459,329621755,175,26,65679594,10520,246439288,40632506,190940352,65668646,0,0,40632506,45347121,20321523,0.0349026
rat,360.3693664965990,1.0,0.25361447593441100,28.582908163265300,3136,9408,268908,0,0.61351,0.546521,0.090091,0.0533223,15.7007,1_1_0_0_0_NOREUSE_BASIC_SOLUTION:268908;,0,0,0,0,1,0,0,0,0,0,0,0,0,0,268908,0,0,PLDI,0.0182288,0.827948,0.000392631,37009,0.000389933,115285,34966,114248,151619,149160,507,2002,13523,35,2964,30,142499,686845,171,25,811621,375,1171463,537816,907296,810842,0,0,537816,541677,269163,0.000292491
rim,868.5616134751770,36.0,0.8787750151528910,44.988962765957400,22560,22560,1014951,16777216,1.8101,2.69083,0.333819,0.272004,3.48e-07,1_1_0_0_0_NOREUSE_BASIC_SOLUTION:1014951;,0,0,0,0,0,0,0,0,0,0,0,0,0,0,1014951,0,0,UNROLL,0.0835965,3.61032,0.00347242,137225,0.00444404,438632,134045,434451,576642,568546,362123,7729,62790,37,1668,28,8800561,11463348,171,23,3070660,752,10707562,2029902,8194368,3069506,0,0,2029902,2054112,1015392,0.0010778
rlfddd,2225.046927065560,2,0.2950556738089150,4.301409274881750,4050,61521,264627,0,0.465307,0.519938,0.0894664,0.0533734,13.6653,1_1_0_0_0_NOREUSE_BASIC_SOLUTION:264627;,0,0,0,0,1,0,0,0,0,0,0,0,0,0,264627,0,0,PLDI,0.0169099,0.782645,0.000298413,,,,,,,,,,,,,,,,,,,,,,,,,,,,,
rlfdual,3645.0066693344000,2.0,0.24079052745434000,3.761918100573560,8052,74970,282031,0,0.50439,0.573639,0.0768999,0.0623892,15.0592,1_4_1_X_1_NOREUSE_BASIC_SOLUTION:52;1_1_0_0_0_NOREUSE_BASIC_SOLUTION:281823;,0,0,0,0,1,0,0,0,0,0,0,0,0,0,281875,0,0,PLDI,0.0195801,0.83878,0.000303285,,,,,,,,,,,,,,,,,,,,,,,,,,,,,
rlfprim,10301.07985203140,1.0,0.059772820089724500,5.111789654952480,58866,62716,320591,0,0.578106,0.764051,0.158059,0.101435,14.8211,1_4_1_X_1_NOREUSE_BASIC_SOLUTION:13769;1_1_0_0_0_NOREUSE_BASIC_SOLUTION:265515;,0,0,0,0,1,0,0,0,0,0,0,0,0,0,279284,0,0,PLDI,0.0380617,0.83556,0.000298829,,,,,,,,,,,,,,,,,,,,,,,,,,,,,
RM07R,161340.2538244490,125,0.5709309740752810,98.15572887874680,381689,381689,37464962,905969664,68.0868,123.817,17.1082,13.4982,2.78e-07,2_1_X_X_X_NOREUSE_ITERATION_CODELET:1;1_1_0_0_0_NOREUSE_BASIC_SOLUTION:37464960;,0,0,0,0,0,0,0,0,0,0,0,0,0,0,37464961,0,0,UNROLL,4.35321,253.458,0.135827,5710158,0.135842,16131021,5361945,15974377,21841436,21339639,21052121,270219,3114557,93,128441,38,346831449,546115017,178,27,112852814,19193,624696870,74929924,483766848,112833267,0,0,74929924,75358747,37474518,0.0520303
rma10,17588.161310985400,46,0.9045148903076170,50.688608946300800,46835,46835,2374001,33554432,4.40256,6.42844,0.93416,0.761844,2.82e-07,1_1_0_0_0_NOREUSE_BASIC_SOLUTION:2374001;,0,0,0,0,0,0,0,0,0,0,0,0,0,0,2374001,0,0,UNROLL,0.207577,7.58475,0.00857105,330058,0.0123639,1025919,317350,1014999,1356669,1331580,1271600,17511,165624,39,6610,25,34510997,21725659,171,25,7174803,1435,37683494,4748002,29357376,7172960,0,0,4748002,4798176,2374782,0.0029064
route,11062.861479811200,5,0.1756845971454250,4.80675980380762,20894,43019,206782,0,0.361816,0.421598,0.0667959,0.0489288,31.9192,1_4_1_X_1_NOREUSE_BASIC_SOLUTION:4811;1_1_0_0_0_NOREUSE_BASIC_SOLUTION:187538;,0,0,0,0,1,0,0,0,0,0,0,0,0,0,192349,0,0,PLDI,0.0176018,0.583085,0.000225595,,,,,,,,,,,,,,,,,,,,,,,,,,,,,
s1rmq4m1,367.2140644926220,27,0.9508584195505630,26.106758972490400,5489,5489,143300,0,0.489438,0.575621,0.0986088,0.0624778,15.7549,1_1_0_0_0_NOREUSE_BASIC_SOLUTION:281111;,0,0,0,0,1,0,0,0,0,0,0,0,0,0,281111,0,0,PLDI,0.0204546,0.912026,0.000424088,38574,0.000431524,121522,36994,120096,159900,157045,1038,2329,11359,27,2360,34,219320,763759,171,19,850607,381,1263686,562222,970656,849821,0,0,562222,568450,281369,0.000269905
s1rmt3m1,367.2140644926220,21,0.9359625448843920,20.496447440335200,5489,5489,112505,0,0.38132,0.468985,0.0751628,0.0474127,9.81686,1_1_0_0_0_NOREUSE_BASIC_SOLUTION:219521;,0,0,0,0,1,0,0,0,0,0,0,0,0,0,219521,0,0,PLDI,0.0144616,0.648108,0.000322059,30769,0.000341479,94873,29162,94047,125729,123177,163,1562,9080,41,2283,34,118515,579271,171,22,665708,349,957510,439042,740544,664955,0,0,439042,445190,219763,0.000221514
s2rmq4m1,367.2140644926220,27,0.9508584195505630,26.106758972490400,5489,5489,143300,0,0.486823,0.575385,0.0984552,0.0634239,16.1462,1_1_0_0_0_NOREUSE_BASIC_SOLUTION:281111;,0,0,0,0,1,0,0,0,0,0,0,0,0,0,281111,0,0,PLDI,0.0199265,0.841725,0.000426798,38639,0.000430544,121412,36976,120097,159945,157043,1688,2337,11620,33,2278,30,240423,774003,171,19,850607,381,1253468,562222,969792,849821,0,0,562222,568450,281369,0.000270276
s2rmt3m1,367.2140644926220,21,0.9359625448843920,20.496447440335200,5489,5489,112505,0,0.381847,0.463013,0.0747869,0.0466483,9.67572,1_1_0_0_0_NOREUSE_BASIC_SOLUTION:219521;,0,0,0,0,1,0,0,0,0,0,0,0,0,0,219521,0,0,PLDI,0.0145235,0.646121,0.000317096,30746,0.000312379,94966,29137,93928,125813,123161,149,1651,9449,34,2177,26,138575,590589,171,24,665708,349,764247,439042,585984,664955,0,0,439042,445190,219763,0.000221205
s3rmq4m1,367.2140644926220,27,0.9508584195505630,26.106758972490400,5489,5489,143300,0,0.487019,0.57334,0.0983795,0.062986,15.8489,1_1_0_0_0_NOREUSE_BASIC_SOLUTION:281111;,0,0,0,0,1,0,0,0,0,0,0,0,0,0,281111,0,0,PLDI,0.0199341,0.830357,0.000420638,38640,0.000421594,121311,36955,120152,160061,157068,749,2355,11119,37,2113,24,195241,753384,171,25,850606,381,1243777,562222,953472,849821,0,0,562222,568450,281369,0.000269875
s3rmt3m1,367.2140644926220,21,0.9359625448843920,20.496447440335200,5489,5489,112505,0,0.388991,0.468482,0.0748038,0.0473872,9.6128,1_1_0_0_0_NOREUSE_BASIC_SOLUTION:219521;,0,0,0,0,1,0,0,0,0,0,0,0,0,0,219521,0,0,PLDI,0.0144275,0.68194,0.000318797,30767,0.000320841,94900,29169,94042,125690,123254,323,1525,9225,30,2267,28,137562,395838,171,24,665709,349,966153,439042,743424,664955,0,0,439042,445190,219763,0.000220492
s3rmt3m3,727.4297181258170,21,0.938319370636499,19.885383610229600,5357,5357,106526,0,0.374884,0.404681,0.0690562,0.0447044,8.73193,1_1_0_0_0_NOREUSE_BASIC_SOLUTION:207695;,0,0,0,0,1,0,0,0,0,0,0,0,0,0,207695,0,0,PLDI,0.0129867,0.610186,0.000300734,28509,0.00029643,89830,27669,89055,118427,116662,169,1399,8273,29,2018,29,124348,367924,171,20,630074,343,906809,415390,705408,629327,0,0,415390,421391,207934,0.000208259
sc205-2r,14.812472966695000,2,0.10682136300484800,1.9742562837415700,35213,62423,123239,0,0.221326,0.282055,0.0617434,0.0366679,2.99732,1_4_1_X_1_NOREUSE_BASIC_SOLUTION:3489;1_1_0_0_0_NOREUSE_BASIC_SOLUTION:109283;,0,0,0,0,1,0,0,0,0,0,0,0,0,0,112772,0,0,PLDI,0.0147513,0.354483,0.00011664,,,,,,,,,,,,,,,,,,,,,,,,,,,,,
scagr7-2r,21.727714818226600,1,0.25685330464196800,2.573769789412800,32847,46679,120141,0,0.213568,0.274733,0.0583596,0.0347575,3.05976,1_1_0_0_0_NOREUSE_BASIC_SOLUTION:120141;,0,0,0,0,1,0,0,0,0,0,0,0,0,0,120141,0,0,PLDI,0.0132416,0.355921,0.000114488,,,,,,,,,,,,,,,,,,,,,,,,,,,,,
scfxm1-2b,128.69682573304700,3,0.337769324896248,3.3604260598541500,19036,33047,111052,0,0.192727,0.239853,0.0391056,0.0260873,2.67685,1_4_1_X_1_NOREUSE_BASIC_SOLUTION:129;1_1_0_0_0_NOREUSE_BASIC_SOLUTION:110536;,0,0,0,0,1,0,0,0,0,0,0,0,0,0,110665,0,0,PLDI,0.0102367,0.329071,0.000104184,,,,,,,,,,,,,,,,,,,,,,,,,,,,,
scfxm1-2r,129.04411385590600,3,0.3376516124944120,3.35726309085119,37980,65943,221388,0,0.402949,0.523836,0.0962165,0.0653877,9.18274,1_4_1_X_1_NOREUSE_BASIC_SOLUTION:257;1_1_0_0_0_NOREUSE_BASIC_SOLUTION:220360;,0,0,0,0,1,0,0,0,0,0,0,0,0,0,220617,0,0,PLDI,0.0227219,0.665739,0.00020327,,,,,,,,,,,,,,,,,,,,,,,,,,,,,
scircuit,101700.42075930700,5.0,0.5194175563663600,5.607878454718770,170998,170998,958936,16777216,1.69306,2.97926,0.540537,0.433642,154.389,1_4_1_X_1_NOREUSE_BASIC_SOLUTION:2522;1_1_0_0_0_NOREUSE_BASIC_SOLUTION:948848;,0,0,0,0,1,0,0,0,0,0,0,0,0,0,951370,0,0,PLDI,0.139249,2.9056,0.00564941,1311984,0.00659806,439161,249795,434434,1751603,684056,383670,7544,606233,145,42534,33,10148874,10693908,1048357,991,10404589,1049278,14441832,6111696,13364160,6857538,0,0,18692088,5898514,959022,0.00162717
scsd8-2b,24.787468671679200,2.0,0.778177554958692,3.1403508771929800,5130,35910,112770,0,0.205908,0.226304,0.0315182,0.020697,2.68758,1_1_0_0_0_NOREUSE_BASIC_SOLUTION:112770;,0,0,0,0,1,0,0,0,0,0,0,0,0,0,112770,0,0,PLDI,0.00760458,0.331169,0.000112894,,,,,,,,,,,,,,,,,,,,,,,,,,,,,
scsd8-2c,24.787468671679200,2.0,0.778177554958692,3.1403508771929800,5130,35910,112770,0,0.202507,0.220219,0.0318552,0.020752,2.70253,1_1_0_0_0_NOREUSE_BASIC_SOLUTION:112770;,0,0,0,0,1,0,0,0,0,0,0,0,0,0,112770,0,0,PLDI,0.00769627,0.330269,0.000112869,,,,,,,,,,,,,,,,,,,,,,,,,,,,,
scsd8-2r,24.815821635012400,2.0,0.7783373167083920,3.1413707679603600,8650,60550,190210,0,0.334261,0.371898,0.0507507,0.0426434,6.69095,1_1_0_0_0_NOREUSE_BASIC_SOLUTION:190210;,0,0,0,0,1,0,0,0,0,0,0,0,0,0,190210,0,0,PLDI,0.0133596,0.578263,0.000191747,,,,,,,,,,,,,,,,,,,,,,,,,,,,,
sctap1-2r,60.1261470059597,2.0,0.5454631454473790,2.938321823857720,28830,63426,186366,0,0.337741,0.404064,0.074662,0.0504716,6.63813,1_4_1_X_1_NOREUSE_BASIC_SOLUTION:2;1_1_0_0_0_NOREUSE_BASIC_SOLUTION:186358;,0,0,0,0,1,0,0,0,0,0,0,0,0,0,186360,0,0,PLDI,0.0194314,0.56041,0.000165945,,,,,,,,,,,,,,,,,,,,,,,,,,,,,
sgpf5y6,30104.625996672400,2.0,0.374054422769925,2.6619824662443200,246077,312540,831976,16777216,1.48807,2.59906,0.598342,0.359895,67.9433,1_4_1_X_1_NOREUSE_BASIC_SOLUTION:64480;1_1_0_0_0_NOREUSE_BASIC_SOLUTION:574056;,0,0,0,0,1,0,0,0,0,0,0,0,0,0,638536,0,0,PLDI,0.118328,1.94736,0.000916324,,,,,,,,,,,,,,,,,,,,,,,,,,,,,
shallow_water1,856.116845703125,2.0,0.41836448198823000,2.5,81920,81920,204800,0,0.578771,0.807753,0.171042,0.115739,20.2843,1_1_0_0_0_NOREUSE_BASIC_SOLUTION:327680;,0,0,0,0,1,0,0,0,0,0,0,0,0,0,327680,0,0,PLDI,0.0460153,0.992255,0.000605188,66848,0.000610806,151292,65416,149810,218125,216154,6953,2726,31650,37,8790,30,622144,1181470,171,29,1066814,404,1825903,655360,1435584,1066006,0,0,655360,738055,327949,0.000404293
shallow_water2,856.116845703125,2.0,0.41836448198823000,2.5,81920,81920,204800,0,0.572312,0.810507,0.172224,0.115456,20.3312,1_1_0_0_0_NOREUSE_BASIC_SOLUTION:327680;,0,0,0,0,1,0,0,0,0,0,0,0,0,0,327680,0,0,PLDI,0.0466041,0.990212,0.000592103,66871,0.000592219,151337,65466,149778,218310,215209,5247,2724,31088,42,8767,29,567412,1422047,171,21,1066813,404,1840614,655360,1399872,1066006,0,0,655360,738055,327949,0.000400988
shar_te2-b3,73436.33935564440,4.0,0.014664159161634200,4.0,200200,200200,800800,16777216,1.469,2.51163,0.495877,0.325664,111.638,1_1_0_0_0_NOREUSE_BASIC_SOLUTION:800800;,0,0,0,0,1,0,0,0,0,0,0,0,0,0,800800,0,0,PLDI,0.130281,2.64804,0.00282919,297411,0.00352665,369674,273633,365876,667212,640493,261013,6578,226017,42,43025,21,9349414,7593770,171,26,2605380,644,10886476,1601600,8171712,2604331,0,0,1601600,1803141,801188,0.00105011
shermanACb,18703.642301458700,6.0,0.40274034324041000,7.8416531604538100,18510,18510,145149,0,0.263667,0.314988,0.051204,0.0357145,39.9388,1_4_1_X_1_NOREUSE_BASIC_SOLUTION:358;1_4_1_1_1_NOREUSE_BASIC_SOLUTION:15;1_1_0_0_0_NOREUSE_BASIC_SOLUTION:143657;,0,0,0,0,1,0,0,0,0,0,0,0,0,0,144030,0,0,PLDI,0.0122336,0.458211,0.000225306,,,,,,,,,,,,,,,,,,,,,,,,,,,,,
shyy161,530.2216134937240,4.0,0.24947850608227700,4.311741631799160,76480,76480,329762,0,0.584064,0.827824,0.173343,0.109519,10.585,1_1_0_0_0_NOREUSE_BASIC_SOLUTION:153294;1_4_1_X_1_NOREUSE_BASIC_SOLUTION:44117;,0,0,0,0,1,0,0,0,0,0,0,0,0,0,197411,0,0,PLDI,0.0438447,0.57596,0.000393109,,,,,,,,,,,,,,,,,,,,,,,,,,,,,
Si10H16,6722.059612344090,18,0.3868214607633110,26.146278620366600,17077,17077,446500,16777216,1.53575,2.15631,0.342907,0.218717,140.444,1_1_0_0_0_NOREUSE_BASIC_SOLUTION:875923;,0,0,0,0,1,0,0,0,0,0,0,0,0,0,875923,0,0,PLDI,0.0724957,2.70702,0.00279317,146951,0.00385232,378652,121689,374615,525800,496314,234624,6551,78494,35,3909,34,8847997,6802851,171,20,2647814,680,10380255,1751846,8085504,2646729,0,0,1751846,1770398,876329,0.000990844
Si34H36,22984.50110178440,19,0.3672447794995120,26.924268978876500,97569,97569,2626974,33554432,9.17865,15.308,2.4123,1.79964,3.99e-07,1_1_0_0_0_NOREUSE_BASIC_SOLUTION:5156379;,0,0,0,0,0,0,0,0,0,0,0,0,0,0,5156379,0,0,UNROLL,0.517879,16.5751,0.0187322,916281,0.0276336,2225868,780420,2203736,3208071,2983583,2879600,37415,578154,36,27935,32,75914744,75026283,171,24,15578237,2844,57619902,10312758,44665632,15574997,0,0,10312758,10417140,5157855,0.00680667
Si41Ge41H72,35939.04127365480,19,0.39598603306961300,40.93133447174360,185639,185639,7598452,335544320,26.5595,45.2141,7.00661,4.92876,3.38e-07,1_1_0_0_0_NOREUSE_BASIC_SOLUTION:15011265;,0,0,0,0,0,0,0,0,0,0,0,0,0,0,15011265,0,0,UNROLL,1.63157,58.342,0.0543396,2593262,0.0825099,6472296,2210192,6410287,9123610,8614055,8397727,110226,1499237,54,73714,30,139022773,222922814,171,25,45250684,7826,167117425,30022530,129459744,45242482,0,0,30022530,30227276,15015204,0.0205951
Si5H12,8329.039756735020,19.0,0.3538370185441120,19.061469642139100,19896,19896,379247,16777216,1.30806,1.79404,0.296462,0.206653,101.904,1_1_0_0_0_NOREUSE_BASIC_SOLUTION:738598;,0,0,0,0,1,0,0,0,0,0,0,0,0,0,738598,0,0,PLDI,0.0609299,2.4546,0.0021228,126859,0.00241841,319925,104606,316488,448155,421075,135322,5607,69020,33,2947,26,5950412,5006191,171,27,2238383,612,7200779,1477196,5873184,2237368,0,0,1477196,1498396,738970,0.000764181
Si87H76,42746.531986237800,19,0.3520156569635120,22.677633139048700,240369,240369,5451000,218103808,18.9362,38.7519,5.63043,4.06649,3.21e-07,1_1_0_0_0_NOREUSE_BASIC_SOLUTION:10661631;,0,0,0,0,0,0,0,0,0,0,0,0,0,0,10661631,0,0,UNROLL,1.36511,44.5246,0.0389599,1988186,0.057849,4606548,1696475,4561047,6600976,6256540,6052794,78562,1248775,67,62310,31,158882135,98607650,171,22,32247792,5608,178132736,21323262,139569792,32241761,0,0,21323262,21577276,10664483,0.0143014
SiH4,2718.2414203531000,16,0.3607320384227330,17.550486014679600,5041,5041,88472,0,0.298979,0.340315,0.0550155,0.0333377,6.81678,1_1_0_0_0_NOREUSE_BASIC_SOLUTION:171903;,0,0,0,0,1,0,0,0,0,0,0,0,0,0,171903,0,0,PLDI,0.0113194,0.523638,0.000242528,28190,0.000246455,74476,22563,73716,102980,96477,45,855,11783,33,1494,34,93953,308811,171,28,522310,325,744913,343806,578016,521581,0,0,343806,349446,172133,0.000184204
SiNa,3004.6965000870600,16,0.36111949071084700,17.806895350861900,5743,5743,102265,0,0.34561,0.398127,0.0663413,0.0411436,9.80153,1_1_0_0_0_NOREUSE_BASIC_SOLUTION:198787;,0,0,0,0,1,0,0,0,0,0,0,0,0,0,198787,0,0,PLDI,0.0136453,0.632025,0.000284,32745,0.000283969,86073,26227,85390,119070,111492,63,1391,14082,37,2020,27,81711,528269,171,24,603723,339,860418,397574,664896,602979,0,0,397574,403953,199024,0.000213012
sinc12,4464.9392,47.0,0.31776615691630400,39.331466666666700,7500,7500,294986,0,0.530995,0.624769,0.0802848,0.0645234,17.1413,1_4_1_1_1_NOREUSE_BASIC_SOLUTION:28;1_1_0_0_0_NOREUSE_BASIC_SOLUTION:294874;,0,0,0,0,1,0,0,0,0,0,0,0,0,0,294902,0,0,PLDI,0.0201716,0.906476,0.000470629,47807,0.000455819,127361,40401,126057,175335,166307,726,2327,17678,35,3428,24,188993,662168,5693,24,932919,5910,1151138,612052,1064448,915525,0,0,678344,620288,295235,0.000303231
sinc15,6957.872008324660,59.0,0.3210309487386810,49.29986125563650,11532,11532,568526,0,0.993722,1.31988,0.230232,0.142812,60.3939,1_4_1_1_1_NOREUSE_BASIC_SOLUTION:35;1_1_0_0_0_NOREUSE_BASIC_SOLUTION:568386;,0,0,0,0,1,0,0,0,0,0,0,0,0,0,568421,0,0,PLDI,0.0430502,1.76382,0.000592654,,,,,,,,,,,,,,,,,,,,,,,,,,,,,
sinc18,10002.82176771370,71.0,0.3231707827040140,59.27842707572440,16428,16428,973826,16777216,1.76166,2.60912,0.312976,0.252417,171.546,1_4_1_1_1_NOREUSE_BASIC_SOLUTION:43;1_1_0_0_0_NOREUSE_BASIC_SOLUTION:973654;,0,0,0,0,1,0,0,0,0,0,0,0,0,0,973697,0,0,PLDI,0.0780096,3.00136,0.00331882,197705,0.00415734,420556,131840,416032,616969,547754,319553,7372,106738,41,2199,18,10352188,7871348,16881,45,3058062,17444,12526806,2014468,10224096,3006698,0,0,2215016,2032458,974238,0.00106002
SiO,10862.377773120600,19,0.34007128895335500,20.224783689111100,33401,33401,675528,33554432,2.33516,3.59898,0.424407,0.437818,312.982,1_1_0_0_0_NOREUSE_BASIC_SOLUTION:1317655;,0,0,0,0,1,0,0,0,0,0,0,0,0,0,1317655,0,0,PLDI,0.118247,4.11188,0.00473087,224651,0.00642771,570707,191003,564854,797428,755789,608721,9998,138783,40,6121,33,17506606,11954867,171,26,3990222,905,21301205,2635310,15308832,3988912,0,0,2635310,2670738,1318172,0.00151367
SiO2,31963.794129954700,19,0.33742297371191000,36.820834218539800,155331,155331,5719417,201326592,19.971,35.1089,5.2624,3.57643,2.66e-07,1_1_0_0_0_NOREUSE_BASIC_SOLUTION:11283503;,0,0,0,0,0,0,0,0,0,0,0,0,0,0,11283503,0,0,UNROLL,1.15919,38.3054,0.0411696,3132898,0.0615644,4843850,1727786,4816838,8020074,6549780,6308991,83278,1892331,47,53271,29,169921740,168413109,171,28,34029644,5922,190273185,22567006,147037152,34023297,0,0,22567006,22736784,11286511,0.0154341
sme3Da,24307.482565579000,57.0,0.12148086551183100,69.96857005758160,12504,12504,874887,16777216,1.54909,2.18266,0.342857,0.224187,136.768,1_1_0_0_0_NOREUSE_BASIC_SOLUTION:874887;,0,0,0,0,1,0,0,0,0,0,0,0,0,0,874887,0,0,PLDI,0.07123,2.75363,0.00279074,443344,0.003414,377278,113019,373360,812853,486107,240525,6555,368235,38,2125,31,8743732,6812498,171,24,2640133,680,10368219,1749774,6641184,2639049,0,0,1749774,1763754,875293,0.000984567
sme3Db,56334.65245811400,66,0.0999571876524221,71.59538308046930,29067,29067,2081063,16777216,3.67746,6.17751,0.913262,0.597334,2.48e-07,1_1_0_0_0_NOREUSE_BASIC_SOLUTION:2081063;,0,0,0,0,0,0,0,0,0,0,0,0,0,0,2081063,0,0,UNROLL,0.179783,7.05173,0.00749746,1350518,0.0106707,897812,297441,888393,2259734,1187890,1087504,15766,1221694,40,17565,35,29826330,18963765,171,23,6277644,1289,33019873,4162126,26384448,6275948,0,0,4162126,4194175,2081771,0.0025102
sme3Dc,83238.54055439090,69.0,0.10146714872550100,73.34395527603070,42930,42930,3148656,50331648,5.59899,9.0244,1.31736,0.967453,2.27e-07,1_1_0_0_0_NOREUSE_BASIC_SOLUTION:3148656;,0,0,0,0,0,0,0,0,0,0,0,0,0,0,3148656,0,0,UNROLL,0.27293,11.4263,0.0116681,2173890,0.0168735,1356744,517917,1342734,3532453,1855180,1728744,22889,1984695,48,79614,35,28987888,44595717,171,25,9496414,1829,52002255,6297312,39680832,9494186,0,0,6297312,6344554,3149630,0.00411982
south31,178.62200930591100,1,0.48287127853131500,3.0945733872966100,18425,36321,112398,0,0.199671,0.244514,0.0422868,0.0270504,2.80133,1_4_1_1_1_NOREUSE_BASIC_SOLUTION:107;1_1_0_0_0_NOREUSE_BASIC_SOLUTION:111394;1_4_1_X_1_NOREUSE_BASIC_SOLUTION:144;,0,0,0,0,1,0,0,0,0,0,0,0,0,0,111645,0,0,PLDI,0.0105412,0.331884,0.000106776,,,,,,,,,,,,,,,,,,,,,,,,,,,,,
spal_004,20237.463294538900,144.0,0.9403080849472770,143.51475927583800,10203,321696,46168124,939524096,81.2572,146.56,22.7005,31.362,3.7e-07,1_1_0_0_0_NOREUSE_BASIC_SOLUTION:46168124;,0,0,0,0,0,0,0,0,0,0,0,0,0,0,46168124,0,0,UNROLL,3.70726,239.266,0.066261,,,,,,,,,,,,,,,,,,,,,,,,,,,,,
sparsine,45478.131,14.0,0.00038938844347193000,15.98988,50000,50000,799494,16777216,2.82776,4.48995,0.603403,0.625561,413.394,1_1_0_0_0_NOREUSE_BASIC_SOLUTION:1548988;,0,0,0,0,1,0,0,0,0,0,0,0,0,0,1548988,0,0,PLDI,0.140353,5.23384,0.00559926,1007542,0.00776441,671810,253006,665399,1700681,918928,762829,11393,903584,117,12338,18,23392209,23042120,171,22,4701279,1020,17314907,3097976,13386240,4699852,0,0,3097976,3150287,1549563,0.00177412
spmsrtls,6.666077679613270,4,0.8333500033340000,4.333088848141360,29995,29995,129971,0,0.399145,0.535864,0.0944464,0.066593,10.0583,1_1_0_0_0_NOREUSE_BASIC_SOLUTION:229947;,0,0,0,0,1,0,0,0,0,0,0,0,0,0,229947,0,0,PLDI,0.0213275,0.692806,0.000357488,36971,0.00035693,102788,36095,101666,139625,137797,269,1707,10673,36,3363,26,393446,733656,171,22,721511,355,850192,459894,647904,720752,0,0,459894,490558,230192,0.000256661
m133-b3,74522.29356643360,4.0,0.00851902357154631,4.0,200200,200200,800800,16777216,1.32969,2.60109,0.743819,0.409157,110.94,1_1_0_0_0_NOREUSE_BASIC_SOLUTION:800800;,0,0,0,0,1,0,0,0,0,0,0,0,0,0,800800,0,0,PLDI,0.1696,3.61794,0.00301044,286900,0.00426131,369855,260592,366069,657149,621496,392388,6567,227927,37,32090,25,12142352,8525618,171,22,2605380,644,13659144,1601600,10688300,2604331,0,0,1601600,1803141,801188,0.00108245
mac_econ_fwd500,825.0914430992740,4.0,0.1637437749940030,6.166532687651330,206500,206500,1273389,16777216,2.1323,3.6172,0.779123,0.500449,3.85e-07,1_1_0_0_0_NOREUSE_BASIC_SOLUTION:1273389;,0,0,0,0,0,0,0,0,0,0,0,0,0,0,1273389,0,0,UNROLL,0.171507,3.97371,0.00463315,244414,0.00664633,573562,214188,567717,817654,780961,645999,9931,163354,45,9692,25,18571317,12578105,171,26,4030385,884,14846653,2546778,11674700,4029099,0,0,2546778,2755202,1273895,0.00131498
majorbasis,200398.73874375,6.0,0.3333354166793740,10.9401,160000,160000,1750416,16777216,2.92311,5.05401,0.849761,0.563257,3.46e-07,1_1_0_0_0_NOREUSE_BASIC_SOLUTION:1750416;,0,0,0,0,0,0,0,0,0,0,0,0,0,0,1750416,0,0,UNROLL,0.202991,5.77602,0.00630733,309855,0.00914641,772590,301980,764708,1096015,1066331,917280,13192,194739,110,6549,28,25905088,16993455,171,29,5415939,1121,28859019,3500832,22676900,5414411,0,0,3500832,3663368,1751041,0.00189722
marine1,244428.83304356500,16.0,0.36095598968514800,15.553901878497200,400320,400320,6226538,83886080,10.4477,18.7316,3.32013,2.19057,3.41e-07,1_1_0_0_0_NOREUSE_BASIC_SOLUTION:6226538;,0,0,0,0,0,0,0,0,0,0,0,0,0,0,6226538,0,0,UNROLL,0.840967,21.9783,0.0222906,1125727,0.033514,2721352,1098717,2698182,3849037,3797402,3501077,45762,750781,75,12246,27,61094741,94315070,171,24,19093540,3386,71190047,12453076,55276700,19089761,0,0,12453076,12861477,6228282,0.00820029
mark3jac040,943.8713981081520,4,0.24719769353750900,6.202362075564550,18289,18289,113435,0,0.19156,0.249215,0.0463484,0.0317464,2.91668,1_4_1_X_1_NOREUSE_BASIC_SOLUTION:101;1_1_0_0_0_NOREUSE_BASIC_SOLUTION:113031;,0,0,0,0,1,0,0,0,0,0,0,0,0,0,113132,0,0,PLDI,0.0110965,0.341628,0.000223255,56359,0.000214182,50997,15059,49616,106919,70404,13,243,18455,31,1570,2,82414,295007,33051,62,590813,33177,611898,358462,545900,491284,0,0,752950,377643,113639,0.000106556
mark3jac040sc,943.8713981081520,4,0.24719769353750900,6.202362075564550,18289,18289,113435,0,0.193124,0.249686,0.0464796,0.031725,2.73654,1_4_1_X_1_NOREUSE_BASIC_SOLUTION:101;1_1_0_0_0_NOREUSE_BASIC_SOLUTION:113031;,0,0,0,0,1,0,0,0,0,0,0,0,0,0,113132,0,0,PLDI,0.0109016,0.352529,62017,0.000280543,50906,20283,50681,113130,70243,68,155,23075,36,709,24,229117,507764,39179,71,633703,39305,706454,382958,618500,510198,0,0,850970,396559,113637,0.000105643,
mark3jac060,957.1883857335420,4,0.24683215674953800,6.218623629276110,27449,27449,170695,0,0.293004,0.361986,0.0683516,0.045211,5.82749,1_4_1_X_1_NOREUSE_BASIC_SOLUTION:151;1_1_0_0_0_NOREUSE_BASIC_SOLUTION:170091;,0,0,0,0,1,0,0,0,0,0,0,0,0,0,170242,0,0,PLDI,0.0155698,0.498024,0.000365778,74095,0.000337774,77098,28175,74649,151373,106462,840,1009,43808,35,2891,29,242048,581140,39217,63,815143,39372,890326,497534,796500,669215,0,0,966002,498302,170911,0.000182472
mark3jac060sc,957.1883857335420,4,0.24683215674953800,6.218623629276110,27449,27449,170695,0,0.288796,0.358102,0.0666293,0.0446457,5.64242,1_4_1_X_1_NOREUSE_BASIC_SOLUTION:151;1_1_0_0_0_NOREUSE_BASIC_SOLUTION:170091;,0,0,0,0,1,0,0,0,0,0,0,0,0,0,170242,0,0,PLDI,0.0156337,0.53156,0.000331043,62508,0.00031146,77211,27895,75279,140358,106712,536,1073,34316,29,3481,29,184201,605872,27851,49,735618,28009,850533,452114,760100,635078,0,0,784274,464163,170913,0.000183476
mark3jac080,963.8412412248360,4,0.24664954811814400,6.226747521101370,36609,36609,227955,0,0.407295,0.514677,0.0964645,0.0661253,10.1692,1_4_1_X_1_NOREUSE_BASIC_SOLUTION:201;1_1_0_0_0_NOREUSE_BASIC_SOLUTION:227151;,0,0,0,0,1,0,0,0,0,0,0,0,0,0,227352,0,0,PLDI,0.0216287,0.653608,150775,0.000610931,102972,38785,102057,252802,142792,412,1732,66074,45,2863,27,404406,1067832,104215,131,1451879,104413,1625153,872206,1456200,1110963,0,0,2120542,882789,228172,0.000247376,
mark3jac080sc,963.8412412248360,4,0.24664954811814400,6.226747521101370,36609,36609,227955,0,0.372072,0.517667,0.0960724,0.0661544,9.47938,1_4_1_X_1_NOREUSE_BASIC_SOLUTION:201;1_1_0_0_0_NOREUSE_BASIC_SOLUTION:227151;,0,0,0,0,1,0,0,0,0,0,0,0,0,0,227352,0,0,PLDI,0.0217126,0.69834,123490,0.000729484,102749,42245,101903,225617,140828,9988,1669,64835,43,4241,31,947338,1183434,78095,120,1268813,78284,1980094,767638,1792800,1000449,0,0,1702594,772274,228173,0.000245925,
mark3jac100,967.8311520898430,4,0.2465400340097280,6.231619655225150,45769,45769,285215,0,0.481745,0.647148,0.124418,0.0844944,16.2714,1_4_1_X_1_NOREUSE_BASIC_SOLUTION:251;1_1_0_0_0_NOREUSE_BASIC_SOLUTION:284211;,0,0,0,0,1,0,0,0,0,0,0,0,0,0,284462,0,0,PLDI,0.028595,0.837208,0.000303373,,,,,,,,,,,,,,,,,,,,,,,,,,,,,
mark3jac100sc,967.8311520898430,4,0.2465400340097280,6.231619655225150,45769,45769,285215,0,0.47436,0.650171,0.124519,0.0843474,14.5688,1_4_1_X_1_NOREUSE_BASIC_SOLUTION:251;1_1_0_0_0_NOREUSE_BASIC_SOLUTION:284211;,0,0,0,0,1,0,0,0,0,0,0,0,0,0,284462,0,0,PLDI,0.0284255,0.830222,0.000305981,,,,,,,,,,,,,,,,,,,,,,,,,,,,,
mark3jac120,970.4903420779550,4,0.24646704587105800,6.234866828087170,54929,54929,342475,0,0.567813,0.780541,0.152504,0.107228,22.243,1_4_1_X_1_NOREUSE_BASIC_SOLUTION:301;1_1_0_0_0_NOREUSE_BASIC_SOLUTION:341271;,0,0,0,0,1,0,0,0,0,0,0,0,0,0,341572,0,0,PLDI,0.0364301,1.02943,0.000367796,,,,,,,,,,,,,,,,,,,,,,,,,,,,,
mark3jac120sc,970.4903420779550,4,0.24646704587105800,6.234866828087170,54929,54929,342475,0,0.562241,0.814628,0.157565,0.113654,21.4482,1_4_1_X_1_NOREUSE_BASIC_SOLUTION:301;1_1_0_0_0_NOREUSE_BASIC_SOLUTION:341271;,0,0,0,0,1,0,0,0,0,0,0,0,0,0,341572,0,0,PLDI,0.0382478,1.03786,0.00036538,,,,,,,,,,,,,,,,,,,,,,,,,,,,,
mark3jac140,972.3893959961930,4,0.24641492189885300,6.237185788512850,64089,64089,399735,0,0.65891,0.967654,0.180614,0.180747,28.4772,1_4_1_X_1_NOREUSE_BASIC_SOLUTION:351;1_1_0_0_0_NOREUSE_BASIC_SOLUTION:398331;,0,0,0,0,1,0,0,0,0,0,0,0,0,0,398682,0,0,PLDI,0.0449547,1.26558,0.000432453,,,,,,,,,,,,,,,,,,,,,,,,,,,,,
mark3jac140sc,972.3893959961930,4,0.24641492189885300,6.237185788512850,64089,64089,399735,0,0.664831,0.994287,0.207307,0.165661,29.2154,1_4_1_X_1_NOREUSE_BASIC_SOLUTION:351;1_1_0_0_0_NOREUSE_BASIC_SOLUTION:398331;,0,0,0,0,1,0,0,0,0,0,0,0,0,0,398682,0,0,PLDI,0.0454256,1.17924,0.000428081,,,,,,,,,,,,,,,,,,,,,,,,,,,,,
matrix_9,22839.317896161700,21.0,0.7635891772006670,20.511940442811600,103430,103430,2121550,16777216,3.63247,5.91026,0.802832,0.711972,2.49e-07,1_1_0_0_0_NOREUSE_BASIC_SOLUTION:2121550;,0,0,0,0,0,0,0,0,0,0,0,0,0,0,2121550,0,0,UNROLL,0.208655,6.4915,0.00752372,329453,0.0108811,924602,321063,915017,1268842,1235442,1145130,15954,185605,44,4277,28,20140309,30727133,171,21,6473530,1312,24028596,4243100,18808000,6471818,0,0,4243100,4349548,2122268,0.00246579
matrix-new_3,47153.42111562370,21,0.7615172681755730,21.37374430498930,125329,125329,2678750,16777216,4.61612,7.1683,1.10261,0.877464,3.35e-07,1_1_0_0_0_NOREUSE_BASIC_SOLUTION:2678750;,0,0,0,0,0,0,0,0,0,0,0,0,0,0,2678750,0,0,UNROLL,0.274368,9.66438,0.00946499,420695,0.0140202,1165668,405737,1155253,1586792,1573867,1374677,19908,238062,45,12263,17,40029858,24993747,171,19,8168151,1588,44749002,5357500,23624800,8166120,0,0,5357500,5486545,2679607,0.00332562
mc2depi,1411.4924394998300,4,0.24927225332683000,3.9941520467836300,525825,525825,2100225,16777216,3.70323,6.68986,1.27336,0.997073,3.29e-07,1_1_0_0_0_NOREUSE_BASIC_SOLUTION:2100225;,0,0,0,0,0,0,0,0,0,0,0,0,0,0,2100225,0,0,UNROLL,0.372458,6.40308,0.00790747,432683,0.0114419,967817,397086,959293,1400013,1356366,1176817,16574,292125,35,3618,29,32792672,21387504,171,23,6831800,1297,36597623,4200450,28557100,6830096,0,0,4200450,4729157,2100937,0.00269376
memchip,2442285.814294170,5.0,0.47797741777476100,5.470016886276910,2707524,2707524,14810202,335544320,25.2258,55.4126,9.9491,8.58132,3.43e-07,1_1_0_0_0_NOREUSE_BASIC_SOLUTION:14810202;,0,0,0,0,0,0,0,0,0,0,0,0,0,0,14810202,0,0,UNROLL,2.82819,49.3749,0.0555796,3434412,0.0838932,6697514,3418459,6637635,10135428,10040839,9506746,112345,2359789,1085,187494,38,237192617,152656638,171,19,47168385,7699,265925692,29620404,138178300,47160231,0,0,29620404,32346138,14814091,0.0219873
mhd4800a,74.015625,16.0,0.8168248097321830,21.3025,4800,4800,102252,0,0.172443,0.182688,0.0284148,0.0172974,2.38003,1_1_0_0_0_NOREUSE_BASIC_SOLUTION:102252;,0,0,0,0,1,0,0,0,0,0,0,0,0,0,102252,0,0,PLDI,0.00627466,0.293623,0.000142962,14227,0.000147514,44330,13823,44082,58665,57787,16,218,4275,37,1272,25,42185,288466,171,26,312981,291,452798,204504,353800,312286,0,0,204504,209819,102465,9.1876e-05
minsurfo,401.98519825515900,3.0,0.33499571131005400,2.995000735186000,40806,40806,122214,0,0.347247,0.49361,0.106075,0.0649254,2.42965,1_1_0_0_0_NOREUSE_BASIC_SOLUTION:8974;1_4_1_X_1_NOREUSE_BASIC_SOLUTION:48662;,0,0,0,0,1,0,0,0,0,0,0,0,0,0,57636,0,0,PLDI,0.0228166,0.158038,0.000241916,,,,,,,,,,,,,,,,,,,,,,,,,,,,,
mixtank_new,52146.50101812600,49,0.4211583520677420,66.59682211169340,29957,29957,1995041,16777216,3.33001,5.31046,0.663924,0.555759,3.13e-07,1_1_0_0_0_NOREUSE_BASIC_SOLUTION:1995041;,0,0,0,0,0,0,0,0,0,0,0,0,0,0,1995041,0,0,UNROLL,0.160419,6.31229,0.00692387,369303,0.0101935,860008,304834,851763,1230451,1172122,992867,14638,237697,41,16440,30,28831148,18171324,171,20,6020294,1244,32378028,3990082,25378200,6018643,0,0,3990082,4022914,1995727,0.00231537
mk13-b5,34638.858186258200,3.0,0.032301151815406100,3.0,135135,270270,810810,16777216,1.35116,2.23709,0.451586,0.266076,112.636,1_1_0_0_0_NOREUSE_BASIC_SOLUTION:810810;,0,0,0,0,1,0,0,0,0,0,0,0,0,0,810810,0,0,PLDI,0.112059,2.4291,0.00249631,210195,0.00372388,339930,211655,336678,550677,549258,220656,5977,144926,39,15317,28,8371478,6513745,171,20,2570377,648,10024822,1621620,7352300,2569325,0,0,1621620,1758123,811200,0.000894854
mod2,3385.4285413121700,1,0.09933259935914100,3.00877893056664,34774,66409,199810,0,0.345407,0.454673,0.0878363,0.0635708,6.79064,1_4_1_1_1_NOREUSE_BASIC_SOLUTION:60;1_1_0_0_0_NOREUSE_BASIC_SOLUTION:180626;1_4_1_X_1_NOREUSE_BASIC_SOLUTION:4736;,0,0,0,0,1,0,0,0,0,0,0,0,0,0,185422,0,0,PLDI,0.0223936,0.551902,0.000205291,,,,,,,,,,,,,,,,,,,,,,,,,,,,,
model10,828.2029847196620,11,0.6906012138455260,8.940602889589160,4400,16819,150372,0,0.240035,0.270071,0.0439317,0.0265828,4.92538,1_4_1_X_1_NOREUSE_BASIC_SOLUTION:7;1_1_0_0_0_NOREUSE_BASIC_SOLUTION:150344;,0,0,0,0,1,0,0,0,0,0,0,0,0,0,150351,0,0,PLDI,0.00974632,0.462725,-82169840,0.000189932,-247734256,1630330896,-496705520,194596880,-277774320,555450384,-1746391024,-154656752,-1416404976,-811397104,-1176829936,284299280,-551084016,-602111984,1230614544,1831301136,76730384,-1139634160,-1990471664,-625319920,1859858448,-1926230000,1415393296,-1953611760,2053681168,-261754864,0.000172884,
mosfet2,52746.10101289530,32.5,0.04473391944400680,31.907477550325600,46994,46994,1499460,16777216,2.50614,3.92587,0.569178,0.422023,3.09e-07,1_1_0_0_0_NOREUSE_BASIC_SOLUTION:1499460;,0,0,0,0,0,0,0,0,0,0,0,0,0,0,1499460,0,0,UNROLL,0.127998,4.66913,0.00519077,310949,0.00755307,650436,217830,644051,961532,858380,727766,11388,215780,46,7444,24,13838780,21026227,171,21,4549585,997,16631185,2998920,12937500,4548187,0,0,2998920,3048163,1500022,0.00167636
mult_dcop_01,32810.6506531147,5,0.3981300252381880,7.6736411640925900,25187,25187,193276,0,0.328136,0.441924,0.0774491,0.0536316,172.394,1_4_1_1_1_NOREUSE_BASIC_SOLUTION:20;1_1_0_0_0_NOREUSE_BASIC_SOLUTION:192864;1_4_1_X_1_NOREUSE_BASIC_SOLUTION:83;,0,0,0,0,1,0,0,0,0,0,0,0,0,0,192967,0,0,PLDI,0.0181026,0.568529,0.000288715,,,,,,,,,,,,,,,,,,,,,,,,,,,,,
mult_dcop_02,32810.6506531147,5,0.3981300252381880,7.6736411640925900,25187,25187,193276,0,0.335375,0.42041,0.0714204,0.0483714,172.843,1_4_1_1_1_NOREUSE_BASIC_SOLUTION:20;1_1_0_0_0_NOREUSE_BASIC_SOLUTION:192864;1_4_1_X_1_NOREUSE_BASIC_SOLUTION:83;,0,0,0,0,1,0,0,0,0,0,0,0,0,0,192967,0,0,PLDI,0.0168296,0.568429,0.00028561,,,,,,,,,,,,,,,,,,,,,,,,,,,,,
mult_dcop_03,32807.278437289100,5,0.39839084663178200,7.671258982808590,25187,25187,193216,0,0.327304,0.420386,0.0712309,0.0491783,172.359,1_4_1_1_1_NOREUSE_BASIC_SOLUTION:20;1_1_0_0_0_NOREUSE_BASIC_SOLUTION:192812;1_4_1_X_1_NOREUSE_BASIC_SOLUTION:81;,0,0,0,0,1,0,0,0,0,0,0,0,0,0,192913,0,0,PLDI,0.0170648,0.581448,0.000289799,,,,,,,,,,,,,,,,,,,,,,,,,,,,,
n4c6-b10,87013.92671984050,8.0,0.05197434580481550,7.806805390280770,132402,186558,1456422,16777216,2.4507,4.02146,0.72197,0.468386,2.57e-07,1_1_0_0_0_NOREUSE_BASIC_SOLUTION:1456422;,0,0,0,0,0,0,0,0,0,0,0,0,0,0,1456422,0,0,UNROLL,0.172164,4.57267,0.00133048,,,,,,,,,,,,,,,,,,,,,,,,,,,,,
n4c6-b11,41353.1266823764,5.0,0.06050486598969640,6.2749807404722000,69235,132402,830820,16777216,1.38866,2.11121,0.418254,0.260127,118.525,1_1_0_0_0_NOREUSE_BASIC_SOLUTION:830820;,0,0,0,0,1,0,0,0,0,0,0,0,0,0,830820,0,0,PLDI,0.08901,2.57802,0.00272315,154520,0.00386816,340501,137905,337045,495041,479161,340762,6036,100791,34,2888,33,10883426,7183209,171,28,2564564,658,12125529,1661640,9596800,2563501,0,0,1661640,1732284,831215,0.00070283
n4c6-b12,13542.428757131500,4,0.07556699823144220,4.807756192677110,25605,69235,332865,0,0.568583,0.712463,0.117236,0.0848039,20.7024,1_1_0_0_0_NOREUSE_BASIC_SOLUTION:332865;,0,0,0,0,1,0,0,0,0,0,0,0,0,0,332865,0,0,PLDI,0.0297081,0.989003,0.00027463,,,,,,,,,,,,,,,,,,,,,,,,,,,,,
n4c6-b9,132703.81810503000,9,0.04747353514287180,9.379722969405970,186558,198895,1865580,16777216,3.20259,5.68579,0.930551,0.659023,3.78e-07,1_1_0_0_0_NOREUSE_BASIC_SOLUTION:1865580;,0,0,0,0,0,0,0,0,0,0,0,0,0,0,1865580,0,0,UNROLL,0.248611,5.76819,0.00669826,397056,0.00961502,816808,341497,809168,1214343,1150987,1006766,14061,279472,45,7554,30,17883272,27186570,171,23,5788211,1183,21310724,3731160,16645300,5786628,0,0,3731160,3920392,1866234,0.00177564
Na5,3037.531721536350,16.0,0.4131847278331170,26.702846364883400,5832,5832,155731,0,0.497367,0.642789,0.112395,0.0677106,19.7789,1_1_0_0_0_NOREUSE_BASIC_SOLUTION:305630;,0,0,0,0,1,0,0,0,0,0,0,0,0,0,305630,0,0,PLDI,0.0217076,0.900253,0.000472949,46830,0.000470813,131826,40254,130599,178494,170701,3234,2298,18071,34,2173,29,324322,861851,171,22,924554,394,1453397,611260,1139400,923757,0,0,611260,617861,305894,0.000341449
nasa2910,872.4072164948450,28.0,0.8443089618873840,30.447766323024100,2910,2910,88603,0,0.289172,0.331776,0.0510513,0.0317339,8.11233,1_1_0_0_0_NOREUSE_BASIC_SOLUTION:174296;,0,0,0,0,1,0,0,0,0,0,0,0,0,0,174296,0,0,PLDI,0.0107523,0.508215,0.000247304,23895,0.000245982,75337,22927,74565,99272,97222,133,725,7225,35,2131,29,91530,470546,171,27,527369,327,778285,348592,609900,526637,0,0,348592,352108,174527,0.000184658
nasa4704,434.31972789115600,12.0,0.5044030728011280,11.634778911564600,4704,4704,54730,0,0.173991,0.195452,0.0287491,0.0174003,2.63026,1_1_0_0_0_NOREUSE_BASIC_SOLUTION:104756;,0,0,0,0,1,0,0,0,0,0,0,0,0,0,104756,0,0,PLDI,0.00661708,0.29408,0.000146488,15057,0.000146816,45344,14169,45084,60557,59288,1,247,4894,34,1341,33,35517,301630,171,26,320406,293,466021,209512,363500,319709,0,0,209512,214737,104970,9.5888e-05
ncvxbqp1,32791.47182,4.0,9.50019000380008e-05,3.99968,50000,50000,199984,0,0.59739,0.844508,0.159381,0.105756,22.5587,1_1_0_0_0_NOREUSE_BASIC_SOLUTION:349968;,0,0,0,0,1,0,0,0,0,0,0,0,0,0,349968,0,0,PLDI,0.0357544,1.04079,0.000634683,129919,0.000652098,156907,91446,155250,287188,228498,3981,2764,87565,49,7755,25,604905,1210871,171,22,1101813,415,1949318,699936,1538400,1100993,0,0,699936,750748,350243,0.000352113
nemeth01,97.29960025247210,40.0,0.9675846513583270,38.63665053650330,9506,9506,367280,16777216,1.22112,1.57683,0.242807,0.171538,95.1706,1_1_0_0_0_NOREUSE_BASIC_SOLUTION:725054;,0,0,0,0,1,0,0,0,0,0,0,0,0,0,725054,0,0,PLDI,0.0544784,2.26455,0.00245937,94838,0.00339954,312033,94594,309627,408046,404783,289537,5539,41311,32,4426,18,9493320,6386820,171,25,2187344,605,10742514,1450108,8401600,2186334,0,0,1450108,1460909,725423,0.000778221
nemeth02,55.06122448979590,21.0,0.9238083496978440,21.26625289290970,9506,9506,202157,0,0.660127,0.778987,0.107082,0.099674,29.0322,1_1_0_0_0_NOREUSE_BASIC_SOLUTION:394808;,0,0,0,0,1,0,0,0,0,0,0,0,0,0,394808,0,0,PLDI,0.0278515,1.19855,0.00112389,52660,0.00124646,170913,52232,169067,223304,219050,51075,3043,20962,34,677,28,2540655,2523747,171,23,1195940,438,3711269,789616,2798900,1195098,0,0,789616,800002,395094,0.00038709
nemeth03,55.06122448979590,21.0,0.9238083496978440,21.26625289290970,9506,9506,202157,0,0.645415,0.805114,0.110788,0.106379,29.0138,1_1_0_0_0_NOREUSE_BASIC_SOLUTION:394808;,0,0,0,0,1,0,0,0,0,0,0,0,0,0,394808,0,0,PLDI,0.0289748,1.19215,0.000675186,52700,0.000631957,170810,52485,168973,223521,221402,8806,3141,16489,33,2274,35,624564,1296186,171,24,1195940,438,1990585,789616,1482200,1195098,0,0,789616,800002,395094,0.000390612
nemeth04,55.06122448979590,21.0,0.9238083496978440,21.26625289290970,9506,9506,202157,0,0.644882,0.802278,0.110881,0.10492,29.2208,1_1_0_0_0_NOREUSE_BASIC_SOLUTION:394808;,0,0,0,0,1,0,0,0,0,0,0,0,0,0,394808,0,0,PLDI,0.0290653,1.17248,0.00106328,52682,0.00113753,170780,52496,167512,223243,218340,53852,3071,21408,34,787,33,2891806,2513457,171,26,1195940,438,3690536,789616,2813400,1195098,0,0,789616,800002,395094,0.000388119
nemeth05,55.06122448979590,21.0,0.9238083496978440,21.26625289290970,9506,9506,202157,0,0.657316,0.807076,0.111206,0.106013,29.7558,1_1_0_0_0_NOREUSE_BASIC_SOLUTION:394808;,0,0,0,0,1,0,0,0,0,0,0,0,0,0,394808,0,0,PLDI,0.0289724,1.15198,0.00106,52729,0.00123061,170745,52384,167207,223460,218530,52423,3215,21056,31,763,28,3020983,2644839,171,25,1195940,438,3663685,789616,2892200,1195098,0,0,789616,800002,395094,0.000391229
nemeth06,55.06122448979590,21.0,0.9238083496978440,21.26625289290970,9506,9506,202157,0,0.670473,0.797891,0.111018,0.106234,29.0343,1_1_0_0_0_NOREUSE_BASIC_SOLUTION:394808;,0,0,0,0,1,0,0,0,0,0,0,0,0,0,394808,0,0,PLDI,0.0289666,1.19951,0.000698271,52740,0.000653468,170774,52472,168827,223511,221281,7913,3061,17030,38,1598,24,891256,1301489,171,24,1195939,438,2058580,789616,1631400,1195098,0,0,789616,800002,395094,0.000388207
nemeth07,55.06122448979590,21.0,0.9238216760173250,21.266463286345500,9506,9506,202159,0,0.644756,0.810151,0.111114,0.104286,29.0381,1_1_0_0_0_NOREUSE_BASIC_SOLUTION:394812;,0,0,0,0,1,0,0,0,0,0,0,0,0,0,394812,0,0,PLDI,0.0292538,1.14946,0.00109734,52638,0.00124403,170672,52435,167421,223615,218557,56061,3282,21090,35,767,29,3013433,2733556,171,26,1195952,438,3670379,789624,2897800,1195110,0,0,789624,800010,395098,0.000389709
nemeth08,55.06122448979590,21.0,0.9238355427234510,21.266673679781200,9506,9506,202161,0,0.640696,0.798128,0.110642,0.105264,29.5128,1_1_0_0_0_NOREUSE_BASIC_SOLUTION:394816;,0,0,0,0,1,0,0,0,0,0,0,0,0,0,394816,0,0,PLDI,0.0290514,1.21263,0.000688276,52707,0.000652003,170611,52471,168964,223455,221236,5398,2940,17587,33,1900,23,737858,1343455,171,24,1195962,438,2044130,789632,1580100,1195120,0,0,789632,800016,395102,0.00038689
nemeth09,55.062066063538800,21.0,0.9256207894109960,21.30296654744370,9506,9506,202506,0,0.661498,0.777279,0.107666,0.0879341,29.1537,1_1_0_0_0_NOREUSE_BASIC_SOLUTION:395506;,0,0,0,0,1,0,0,0,0,0,0,0,0,0,395506,0,0,PLDI,0.0277885,1.15295,0.000702262,52689,0.00064188,171091,52454,169130,223934,221644,5347,3017,20220,37,507,30,1163571,1114340,171,23,1198033,437,1827151,791012,1497500,1197192,0,0,791012,801398,395792,0.000388197
nemeth10,55.69051125604880,21.0,0.935934025009121,21.615505996212900,9506,9506,205477,0,0.672482,0.793875,0.108882,0.0915659,29.589,1_1_0_0_0_NOREUSE_BASIC_SOLUTION:401448;,0,0,0,0,1,0,0,0,0,0,0,0,0,0,401448,0,0,PLDI,0.0293828,1.21386,0.00108045,53623,0.00122049,173618,53278,171798,227076,222061,57518,3367,21691,36,869,20,3063557,2640211,171,27,1215874,442,3731226,802896,2827000,1215028,0,0,802896,813290,401736,0.000396208
nemeth11,56.00483904902170,20.0,0.941158750694897,21.974016410688000,9506,9506,208885,0,0.681604,0.834105,0.114118,0.0960381,31.2701,1_1_0_0_0_NOREUSE_BASIC_SOLUTION:408264;,0,0,0,0,1,0,0,0,0,0,0,0,0,0,408264,0,0,PLDI,0.0301466,1.19244,0.000728738,54325,0.000681566,176746,54121,174581,230956,228786,8237,3043,17474,38,1938,27,1011960,1313257,171,27,1236336,445,2125265,816528,1674500,1235487,0,0,816528,826931,408554,0.000396492
nemeth12,58.633915421838800,23.0,0.91607904772354,24.00189354092150,9506,9506,228162,0,0.735911,0.979496,0.124784,0.16547,37.009,1_1_0_0_0_NOREUSE_BASIC_SOLUTION:446818;,0,0,0,0,1,0,0,0,0,0,0,0,0,0,446818,0,0,PLDI,0.0336193,1.31676,0.000823569,59384,0.000806163,193013,59150,190897,252243,249888,18039,3393,20226,35,1937,28,1033676,1743906,171,23,1352073,464,2319982,893636,1821500,1351205,0,0,893636,904086,447117,0.000438646
nemeth13,61.36187670944670,24.0,0.9172926472991510,25.456448558805000,9506,9506,241989,0,0.792975,1.01495,0.184862,0.121025,42.6287,1_1_0_0_0_NOREUSE_BASIC_SOLUTION:474472;,0,0,0,0,1,0,0,0,0,0,0,0,0,0,474472,0,0,PLDI,0.0347499,1.63525,0.000936533,62719,0.000870757,205421,62472,203026,268191,265327,14443,3937,20449,34,1774,29,1219869,1834350,171,22,1435090,478,2592258,948944,2019300,1434208,0,0,948944,959428,474778,0.000473808
nemeth14,64.51104565537560,26.0,0.9285311342788610,26.59636019356200,9506,9506,252825,0,0.824149,1.05725,0.181424,0.116179,45.161,1_1_0_0_0_NOREUSE_BASIC_SOLUTION:496144;,0,0,0,0,1,0,0,0,0,0,0,0,0,0,496144,0,0,PLDI,0.0369065,1.5094,0.00152139,65578,0.00189898,214819,65227,212398,280160,277873,124150,3927,28909,32,957,11,5099000,3950024,171,24,1500155,490,5944151,992288,4673200,1499261,0,0,992288,1002803,496456,0.000500444
nemeth15,71.11487481590580,29.0,0.9331288738367150,28.89269934778040,9506,9506,274654,0,0.891536,1.13528,0.192641,0.130877,53.2916,1_1_0_0_0_NOREUSE_BASIC_SOLUTION:539802;,0,0,0,0,1,0,0,0,0,0,0,0,0,0,539802,0,0,PLDI,0.0382939,1.57925,0.00174466,71358,0.00218342,233146,70599,230761,304505,301805,158506,4206,32451,33,1491,30,6038341,4472383,171,26,1631210,511,7008559,1079604,5554900,1630295,0,0,1079604,1090169,540124,0.000547729
nemeth16,74.57437407952870,32.0,0.9413625559960770,31.375867872922400,9506,9506,298259,0,0.95431,1.26541,0.231407,0.153276,64.176,1_1_0_0_0_NOREUSE_BASIC_SOLUTION:587012;,0,0,0,0,1,0,0,0,0,0,0,0,0,0,587012,0,0,PLDI,0.0434434,1.82536,0.00193955,77147,0.00253562,253856,76860,250923,331049,328364,194801,4539,34429,33,2158,23,7050436,5058265,171,23,1772937,535,7977565,1174024,6237600,1771997,0,0,1174024,1184649,587346,0.000595996
nemeth17,77.6916684199453,33.0,0.9428970105901310,33.616978750263000,9506,9506,319563,16777216,1.038,1.33105,0.257079,0.144598,72.8353,1_1_0_0_0_NOREUSE_BASIC_SOLUTION:629620;,0,0,0,0,1,0,0,0,0,0,0,0,0,0,629620,0,0,PLDI,0.0461124,2.03759,0.00151167,82797,0.00160136,271764,82374,268895,354789,351074,66051,4729,30580,33,2702,17,3655674,3452413,171,24,1900849,557,4925818,1259240,4041300,1899889,0,0,1259240,1269922,629965,0.000655875
nemeth18,85.05543867031350,38.0,0.9516588630048540,37.06816747317480,9506,9506,352370,16777216,1.30052,1.45643,0.278409,0.158345,87.0097,1_1_0_0_0_NOREUSE_BASIC_SOLUTION:695234;,0,0,0,0,1,0,0,0,0,0,0,0,0,0,695234,0,0,PLDI,0.0495602,2.07468,0.00185549,91180,0.00214974,299849,90831,296756,391399,387151,111562,5261,34760,35,3851,28,5038895,4401805,171,24,2097819,589,6595649,1390468,4949300,2096826,0,0,1390468,1401229,695595,0.000746709
nemeth19,94.90763728171680,42.0,0.9642298436511270,43.54134231011990,9506,9506,413904,16777216,1.40075,1.79548,0.250444,0.222376,120.232,1_1_0_0_0_NOREUSE_BASIC_SOLUTION:818302;,0,0,0,0,1,0,0,0,0,0,0,0,0,0,818302,0,0,PLDI,0.0608659,2.73175,0.00278296,106794,0.00392907,350945,106763,349182,459855,455569,369773,6238,45794,33,4487,24,7402577,10973199,171,26,2467267,653,8983658,1636604,6971200,2466211,0,0,1636604,1647515,818694,0.000906989
nemeth20,111.9236271828320,48.0,0.9668315259115590,51.618767094466700,9506,9506,490688,16777216,1.61728,2.30416,0.320542,0.232075,172.356,1_1_0_0_0_NOREUSE_BASIC_SOLUTION:971870;,0,0,0,0,1,0,0,0,0,0,0,0,0,0,971870,0,0,PLDI,0.073352,3.18028,0.00333632,126287,0.00472932,418848,125538,414454,545296,540790,437356,7312,58446,35,1989,24,8886334,13059865,171,26,2928279,730,10629903,1943740,8270300,2927147,0,0,1943740,1954845,972300,0.00109273
nemeth21,132.00568062276500,58.0,0.9745196261555360,62.23711340206190,9506,9506,591626,16777216,1.96985,2.72088,0.424788,0.27045,240.829,1_1_0_0_0_NOREUSE_BASIC_SOLUTION:1173746;,0,0,0,0,1,0,0,0,0,0,0,0,0,0,1173746,0,0,PLDI,0.085387,3.53695,0.00401749,151530,0.00402208,505149,152007,500297,657253,651649,550285,8867,70571,31,1464,28,10676903,16043835,171,21,3534316,833,12818170,2347492,10010400,3533081,0,0,2347492,2358852,1174227,0.00134887
nemeth22,154.79612876078300,67.0,0.9744764667055250,71.97233326320220,9506,9506,684169,16777216,2.23745,3.06808,0.530372,0.324932,323.435,1_1_0_0_0_NOREUSE_BASIC_SOLUTION:1358832;,0,0,0,0,1,0,0,0,0,0,0,0,0,0,1358832,0,0,PLDI,0.0997727,4.07695,0.00464091,174979,0.00676447,585150,174731,578705,760395,754191,639124,10095,90253,35,1724,25,19156634,11947899,171,25,4089942,923,21628343,2717664,16830100,4088612,0,0,2717664,2729251,1359359,0.00157963
nemeth23,174.58541973490400,73.0,0.9816842567448240,79.7557332211235,9506,9506,758158,16777216,2.50989,3.45286,0.605775,0.368315,392.813,1_1_0_0_0_NOREUSE_BASIC_SOLUTION:1506810;,0,0,0,0,1,0,0,0,0,0,0,0,0,0,1506810,0,0,PLDI,0.116731,4.57805,0.00514258,193520,0.00519411,647983,194580,641900,841377,835628,724708,11256,92575,35,1855,27,13717141,20878130,171,27,4534172,1000,16394167,3013620,12816400,4532770,0,0,3013620,3025394,1507374,0.00176689
nemeth24,177.14590784767500,74.0,0.9806837493295500,79.74205764780140,9506,9506,758028,16777216,2.53066,3.4202,0.582864,0.403861,392.613,1_1_0_0_0_NOREUSE_BASIC_SOLUTION:1506550;,0,0,0,0,1,0,0,0,0,0,0,0,0,0,1506550,0,0,PLDI,0.112717,4.61884,0.00518143,193288,0.0075281,647589,193515,641375,841883,835728,716559,11120,101579,36,2056,30,21375543,13300417,171,28,4533395,998,24197559,3013100,18686300,4531990,0,0,3013100,3024658,1507114,0.00177203
nemeth25,177.1446454870610,76.0,0.9836384433595850,80.01598990111510,9506,9506,760632,33554432,2.53938,3.47212,0.58275,0.403326,395.434,1_1_0_0_0_NOREUSE_BASIC_SOLUTION:1511758;,0,0,0,0,1,0,0,0,0,0,0,0,0,0,1511758,0,0,PLDI,0.113423,4.55555,0.00513915,194506,0.00749715,650062,194091,643681,844802,838585,713099,11387,92612,31,1967,30,13747867,20795561,171,29,4549025,1003,16409248,3023516,12848300,4547620,0,0,3023516,3035295,1512323,0.00178322
nemeth26,177.1446454870610,76.0,0.9836353951972340,80.01609509783300,9506,9506,760633,16777216,2.47628,3.46541,0.58793,0.376559,402.056,1_1_0_0_0_NOREUSE_BASIC_SOLUTION:1511760;,0,0,0,0,1,0,0,0,0,0,0,0,0,0,1511760,0,0,PLDI,0.113039,4.83706,0.00528155,194525,0.00748491,649809,193994,643947,844197,837672,742379,11336,93604,32,1579,30,21045078,13677198,171,24,4549030,1002,16755733,3023520,13072200,4547626,0,0,3023520,3035299,1512325,0.00177888
nemsemm1,630.9422443996180,14.0,0.8815318783736060,13.987498672895200,3945,75352,1053986,16777216,1.75404,2.30938,0.426028,0.240431,3.34e-07,1_1_0_0_0_NOREUSE_BASIC_SOLUTION:1053986;,0,0,0,0,0,0,0,0,0,0,0,0,0,0,1053986,0,0,UNROLL,0.121891,3.55681,0.00129124,,,,,,,,,,,,,,,,,,,,,,,,,,,,,
nemsemm2,4593.535578378820,4.0,0.6449046493331040,3.723802119562990,6943,48878,182012,0,0.291453,0.329087,0.0523958,0.0403028,26.9979,1_4_1_1_1_NOREUSE_BASIC_SOLUTION:3;1_1_0_0_0_NOREUSE_BASIC_SOLUTION:181776;1_4_1_X_1_NOREUSE_BASIC_SOLUTION:56;,0,0,0,0,1,0,0,0,0,0,0,0,0,0,181835,0,0,PLDI,0.0126703,0.515415,0.000200169,,,,,,,,,,,,,,,,,,,,,,,,,,,,,
nemswrld,5590.190332749560,6.0,0.6661699511581540,6.734956217162870,7138,28550,192283,0,0.324736,0.373555,0.0523456,0.0400592,8.25569,1_4_1_X_1_NOREUSE_BASIC_SOLUTION:150;1_1_0_0_0_NOREUSE_BASIC_SOLUTION:175582;1_4_1_1_1_NOREUSE_BASIC_SOLUTION:2;,0,0,0,0,1,0,0,0,0,0,0,0,0,0,175734,0,0,PLDI,0.0142792,0.51126,0.000223803,,,,,,,,,,,,,,,,,,,,,,,,,,,,,
neos,31863.03242263600,1,0.006020508949152400,2.9594479603803000,479119,515905,1526794,16777216,2.60196,4.82813,1.0711,0.676697,3.26e-07,1_1_0_0_0_NOREUSE_BASIC_SOLUTION:1526794;,0,0,0,0,0,0,0,0,0,0,0,0,0,0,1526794,0,0,UNROLL,0.262884,5.29245,0.00541465,315403,0.00758201,650759,313127,644061,966018,957123,835450,11338,199671,412,3272,26,21630836,14554731,171,21,5063656,1008,24376017,3053588,19495100,5062241,0,0,3053588,3534876,1527363,0.00185835
neos1,3670.2180665752600,1,0.00030179251633924700,4.492219400178310,131581,133473,599590,0,1.01375,1.52938,0.3833,0.216722,43.1124,1_4_1_X_1_NOREUSE_BASIC_SOLUTION:32441;1_1_0_0_0_NOREUSE_BASIC_SOLUTION:469826;,0,0,0,0,1,0,0,0,0,0,0,0,0,0,502267,0,0,PLDI,0.146198,1.48006,0.0028896,553983,0.00359561,261710,110167,259276,814841,371330,223098,4743,177229,177,2053,32,6899642,6027401,442484,372,5160360,442966,10050756,2968892,8790200,3830116,0,0,8275748,3230295,599819,0.000536968
neos2,2820.5181319336800,1.0,0.0003052190071174300,5.1077105451509,132568,134128,685087,16777216,1.18541,1.71464,0.398189,0.236118,62.3616,1_4_1_X_1_NOREUSE_BASIC_SOLUTION:24686;1_1_0_0_0_NOREUSE_BASIC_SOLUTION:586343;,0,0,0,0,1,0,0,0,0,0,0,0,0,0,611029,0,0,PLDI,0.0995842,1.77732,0.000606649,,,,,,,,,,,,,,,,,,,,,,,,,,,,,
neos3,12713.73435331670,1.0,0.00015612189520805900,3.960865945045800,512209,518832,2055024,16777216,3.54034,6.20818,1.52866,0.888659,2.09e-07,1_1_0_0_0_NOREUSE_BASIC_SOLUTION:2055024;,0,0,0,0,0,0,0,0,0,0,0,0,0,0,2055024,0,0,UNROLL,0.40066,6.3411,0.00698456,389424,0.0101197,850385,388249,841405,1240852,1229659,1077654,14595,243138,51,3689,31,28659523,18531830,171,25,6682491,1277,22250170,4110048,17350200,6680812,0,0,4110048,4625085,2055725,0.00269983
nlpkkt80,556876.5776346010,10.0,0.33456149284505100,14.009352409638600,1062400,1062400,14883536,637534208,48.4507,89.4477,12.9077,11.607,2.51e-07,1_1_0_0_0_NOREUSE_BASIC_SOLUTION:28704672;,0,0,0,0,0,0,0,0,0,0,0,0,0,0,28704672,0,0,UNROLL,3.7045,114.731,0.0982004,4399348,0.0983678,12460744,4282879,12345336,16845643,16629061,16503511,212038,2249257,1566,33827,67,260152665,266294512,171,27,87234928,14687,492698440,57409344,385262600,87219780,0,0,57409344,58507744,28712034,0.0344531
nmos3,26827.586937809300,21.0,0.45098037998468700,20.79804174736390,18588,18588,386594,0,0.666205,0.837843,0.119544,0.0908706,27.0366,1_1_0_0_0_NOREUSE_BASIC_SOLUTION:386594;,0,0,0,0,1,0,0,0,0,0,0,0,0,0,386594,0,0,PLDI,0.0307246,1.17179,0.000655203,91294,0.000667144,168503,58671,166785,262349,225747,7564,2909,56442,35,5311,32,747919,1417849,171,25,1180360,433,2030289,773188,1598400,1179523,0,0,773188,792643,386878,0.000389196
ns3Da,40164.176888409900,73.0,0.09079031164946680,82.27681982952880,20414,20414,1679599,33554432,2.77578,4.20462,0.58523,0.447669,2.56e-07,1_1_0_0_0_NOREUSE_BASIC_SOLUTION:1679599;,0,0,0,0,0,0,0,0,0,0,0,0,0,0,1679599,0,0,UNROLL,0.127625,5.30029,0.00587292,1180103,0.00843094,723730,217748,716421,1902576,933348,834538,12522,1055963,42,3395,28,23916234,15388838,171,21,5063794,1085,27105060,3359198,21185200,5062303,0,0,3359198,3382095,1680206,0.00198958
nsct,8668.655911402180,1,0.08141676995369120,18.57514043074300,23003,37563,697738,0,1.12418,1.42372,0.243553,0.165958,83.4676,1_4_1_X_1_NOREUSE_BASIC_SOLUTION:3503;1_1_0_0_0_NOREUSE_BASIC_SOLUTION:683722;1_4_1_1_1_NOREUSE_BASIC_SOLUTION:1;,0,0,0,0,1,0,0,0,0,0,0,0,0,0,687226,0,0,PLDI,0.0553159,2.01214,0.000824545,,,,,,,,,,,,,,,,,,,,,,,,,,,,,
nsir,2109.506115143680,2,0.24223064259574600,15.406085313711800,4453,10057,154939,0,0.253666,0.266343,0.0443895,0.0273749,5.75121,1_4_1_X_1_NOREUSE_BASIC_SOLUTION:538;1_1_0_0_0_NOREUSE_BASIC_SOLUTION:152787;,0,0,0,0,1,0,0,0,0,0,0,0,0,0,153325,0,0,PLDI,0.0102398,0.443979,798093,0.0110928,57884,22103,57103,856059,79214,49,1068,178459,41,624,33,13872683,22202338,1110093,693,8249544,1110774,30843028,4752378,27539800,4911532,0,0,18070494,4756627,154903,0.000181033,
nug08-3rd,20235.850482315100,6.0,0.09046502540053970,4.971061093247590,19728,29856,148416,0,0.248262,0.307252,0.0504946,0.035646,4.15922,1_1_0_0_0_NOREUSE_BASIC_SOLUTION:148416;,0,0,0,0,1,0,0,0,0,0,0,0,0,0,148416,0,0,PLDI,0.0131125,0.419313,0.000121517,,,,,,,,,,,,,,,,,,,,,,,,,,,,,
nv1,64795.89916255900,31.0,0.07512067358173110,32.45341071712510,75468,75468,2449194,33554432,4.15873,6.71105,0.886239,0.709965,4.71e-07,1_1_0_0_0_NOREUSE_BASIC_SOLUTION:2449194;,0,0,0,0,0,0,0,0,0,0,0,0,0,0,2449194,0,0,UNROLL,0.272468,7.32279,0.0086564,505720,0.0126191,1061688,356387,1050659,1564336,1407240,1330141,18059,350957,45,13153,32,35869571,22584265,171,23,7429164,1474,40267775,4898388,31548200,7427283,0,0,4898388,4977287,2449994,0.00291944