synthetic,normal,random,14,980644,980644,98074618,0.0101984,1126.12,[1024-2048],100.01,33.3056,48183.5,17574.4,0.0491345,0.0179213,0.0268129,0.15313,26294,150166,1.50974,1.88061,0.0438368,cuSPARSE_hyb9-2,0.0060835,32.2428,101.185,0.613344
synthetic,normal,random,14,980644,980644,98074618,0.0101984,1126.12,[1024-2048],100.01,33.3056,48183.5,17574.4,0.0491345,0.0179213,0.0268129,0.15313,26294,150166,1.50974,1.88061,0.0438368,cuSPARSE_csr11,0.00333576,58.802,139.964,0.465184
synthetic,normal,random,14,980644,980644,98074618,0.0101984,1126.12,[1024-2048],100.01,33.3056,48183.5,17574.4,0.0491345,0.0179213,0.0268129,0.15313,26294,150166,1.50974,1.88061,0.0438368,cuSPARSE_coo11,0.00369605,53.0699,138.114,0.510952
synthetic,normal,random,14,980644,980644,98074618,0.0101984,1126.12,[1024-2048],100.01,33.3056,48183.5,17574.4,0.0491345,0.0179213,0.0268129,0.15313,26294,150166,1.50974,1.88061,0.0438368,CSR5_9,1.13249e-06,173202,34.9009,3.80094e-05
synthetic,normal,random,14,980644,980644,98074618,0.0101984,1126.12,[1024-2048],100.01,33.3056,46477.1,18290.6,0.0473944,0.0186516,0.0241568,0.143882,23689.2,141097,1.50974,1.87339,0.424487,cuSPARSE_hyb9-2,0.00533267,36.7825,104.297,0.554127
synthetic,normal,random,14,980644,980644,98074618,0.0101984,1126.12,[1024-2048],100.01,33.3056,46477.1,18290.6,0.0473944,0.0186516,0.0241568,0.143882,23689.2,141097,1.50974,1.87339,0.424487,cuSPARSE_csr11,0.00338929,57.8733,137.474,0.464289
synthetic,normal,random,14,980644,980644,98074618,0.0101984,1126.12,[1024-2048],100.01,33.3056,46477.1,18290.6,0.0473944,0.0186516,0.0241568,0.143882,23689.2,141097,1.50974,1.87339,0.424487,cuSPARSE_coo11,0.00375664,52.214,135.722,0.507968
synthetic,normal,random,14,980644,980644,98074618,0.0101984,1126.12,[1024-2048],100.01,33.3056,46477.1,18290.6,0.0473944,0.0186516,0.0241568,0.143882,23689.2,141097,1.50974,1.87339,0.424487,CSR5_9,1.13249e-06,173202,35.1933,3.80497e-05
synthetic,normal,random,14,980644,980644,98074618,0.0101984,1126.12,[1024-2048],100.01,33.3056,42035.7,20967.2,0.0428654,0.021381,0.0142148,0.100185,13939.7,98246,1.50974,1.83985,0.804802,cuSPARSE_hyb9-2,0.00459016,42.7326,105.048,0.48047
synthetic,normal,random,14,980644,980644,98074618,0.0101984,1126.12,[1024-2048],100.01,33.3056,42035.7,20967.2,0.0428654,0.021381,0.0142148,0.100185,13939.7,98246,1.50974,1.83985,0.804802,cuSPARSE_csr11,0.00340239,57.6504,135.985,0.461167
synthetic,normal,random,14,980644,980644,98074618,0.0101984,1126.12,[1024-2048],100.01,33.3056,42035.7,20967.2,0.0428654,0.021381,0.0142148,0.100185,13939.7,98246,1.50974,1.83985,0.804802,cuSPARSE_coo11,0.00382526,51.2774,132.629,0.506862
synthetic,normal,random,14,980644,980644,98074618,0.0101984,1126.12,[1024-2048],100.01,33.3056,42035.7,20967.2,0.0428654,0.021381,0.0142148,0.100185,13939.7,98246,1.50974,1.83985,0.804802,CSR5_9,1.11014e-06,176689,35.1628,3.70211e-05
synthetic,normal,random,14,980644,980644,98186151,0.01021,1127.39,[1024-2048],100.124,34.1162,49999.6,15248.4,0.0509865,0.0155493,0.00877445,0.0782627,8604.61,76747.9,100.874,1.88095,0.0508657,cuSPARSE_hyb9-2,0.00492678,39.8581,104.08,0.510757
synthetic,normal,random,14,980644,980644,98186151,0.01021,1127.39,[1024-2048],100.124,34.1162,49999.6,15248.4,0.0509865,0.0155493,0.00877445,0.0782627,8604.61,76747.9,100.874,1.88095,0.0508657,cuSPARSE_csr11,0.0034619,56.7239,145.381,0.501367
synthetic,normal,random,14,980644,980644,98186151,0.01021,1127.39,[1024-2048],100.124,34.1162,49999.6,15248.4,0.0509865,0.0155493,0.00877445,0.0782627,8604.61,76747.9,100.874,1.88095,0.0508657,cuSPARSE_coo11,0.00369857,53.0941,139.857,0.515369
synthetic,normal,random,14,980644,980644,98186151,0.01021,1127.39,[1024-2048],100.124,34.1162,49999.6,15248.4,0.0509865,0.0155493,0.00877445,0.0782627,8604.61,76747.9,100.874,1.88095,0.0508657,CSR5_9,1.13994e-06,172266,35.3539,3.75772e-05
synthetic,normal,random,14,980644,980644,98186151,0.01021,1127.39,[1024-2048],100.124,34.1162,50263.8,15091.1,0.0512559,0.015389,0.00811445,0.0741646,7957.39,72729.1,100.874,1.87939,0.498602,cuSPARSE_hyb9-2,0.00364959,53.8066,111.429,0.406085
synthetic,normal,random,14,980644,980644,98186151,0.01021,1127.39,[1024-2048],100.124,34.1162,50263.8,15091.1,0.0512559,0.015389,0.00811445,0.0741646,7957.39,72729.1,100.874,1.87939,0.498602,cuSPARSE_csr11,0.00353111,55.6121,141.236,0.496086
synthetic,normal,random,14,980644,980644,98186151,0.01021,1127.39,[1024-2048],100.124,34.1162,50263.8,15091.1,0.0512559,0.015389,0.00811445,0.0741646,7957.39,72729.1,100.874,1.87939,0.498602,cuSPARSE_coo11,0.00379105,51.7989,135.065,0.511218
synthetic,normal,random,14,980644,980644,98186151,0.01021,1127.39,[1024-2048],100.124,34.1162,50263.8,15091.1,0.0512559,0.015389,0.00811445,0.0741646,7957.39,72729.1,100.874,1.87939,0.498602,CSR5_9,1.09337e-06,179602,35.3544,3.71381e-05
synthetic,normal,random,14,980644,980644,98186151,0.01021,1127.39,[1024-2048],100.124,34.1162,52485.5,13733,0.0535215,0.014004,0.00471174,0.0493776,4620.54,48421.8,100.874,1.85467,0.945522,cuSPARSE_hyb9-2,0.00281324,69.8028,108.704,0.30472
synthetic,normal,random,14,980644,980644,98186151,0.01021,1127.39,[1024-2048],100.124,34.1162,52485.5,13733,0.0535215,0.014004,0.00471174,0.0493776,4620.54,48421.8,100.874,1.85467,0.945522,cuSPARSE_csr11,0.00349902,56.1221,138.034,0.482402
synthetic,normal,random,14,980644,980644,98186151,0.01021,1127.39,[1024-2048],100.124,34.1162,52485.5,13733,0.0535215,0.014004,0.00471174,0.0493776,4620.54,48421.8,100.874,1.85467,0.945522,cuSPARSE_coo11,0.00372531,52.713,132.632,0.49246
synthetic,normal,random,14,980644,980644,98186151,0.01021,1127.39,[1024-2048],100.124,34.1162,52485.5,13733,0.0535215,0.014004,0.00471174,0.0493776,4620.54,48421.8,100.874,1.85467,0.945522,CSR5_9,1.11014e-06,176890,35.4092,3.74807e-05
synthetic,normal,random,14,980644,980644,98165518,0.0102079,1127.16,[1024-2048],100.103,101.088,49982.9,15270,0.0509694,0.0155714,0.00888611,0.0788745,8714.11,77347.8,999.968,1.88114,0.0513466,cuSPARSE_hyb9-2,0.00491437,39.9504,104.529,0.512975
synthetic,normal,random,14,980644,980644,98165518,0.0102079,1127.16,[1024-2048],100.103,101.088,49982.9,15270,0.0509694,0.0155714,0.00888611,0.0788745,8714.11,77347.8,999.968,1.88114,0.0513466,cuSPARSE_csr11,0.00345349,56.85,146.061,0.502553
synthetic,normal,random,14,980644,980644,98165518,0.0102079,1127.16,[1024-2048],100.103,101.088,49982.9,15270,0.0509694,0.0155714,0.00888611,0.0788745,8714.11,77347.8,999.968,1.88114,0.0513466,cuSPARSE_coo11,0.00369728,53.1015,139.992,0.515798
synthetic,normal,random,14,980644,980644,98165518,0.0102079,1127.16,[1024-2048],100.103,101.088,49982.9,15270,0.0509694,0.0155714,0.00888611,0.0788745,8714.11,77347.8,999.968,1.88114,0.0513466,CSR5_9,1.07661e-06,182361,35.3986,3.64392e-05
synthetic,normal,random,14,980644,980644,98165518,0.0102079,1127.16,[1024-2048],100.103,101.088,49956.2,15304.8,0.0509422,0.0156069,0.00888019,0.0788317,8708.31,77305.9,999.968,1.88126,0.498705,cuSPARSE_hyb9-2,0.00362375,54.179,111.607,0.404768
synthetic,normal,random,14,980644,980644,98165518,0.0102079,1127.16,[1024-2048],100.103,101.088,49956.2,15304.8,0.0509422,0.0156069,0.00888019,0.0788317,8708.31,77305.9,999.968,1.88126,0.498705,cuSPARSE_csr11,0.00352321,55.725,141.928,0.498636
synthetic,normal,random,14,980644,980644,98165518,0.0102079,1127.16,[1024-2048],100.103,101.088,49956.2,15304.8,0.0509422,0.0156069,0.00888019,0.0788317,8708.31,77305.9,999.968,1.88126,0.498705,cuSPARSE_coo11,0.0037913,51.7847,135.251,0.510987
synthetic,normal,random,14,980644,980644,98165518,0.0102079,1127.16,[1024-2048],100.103,101.088,49956.2,15304.8,0.0509422,0.0156069,0.00888019,0.0788317,8708.31,77305.9,999.968,1.88126,0.498705,CSR5_9,1.11759e-06,175674,35.5148,3.80428e-05
synthetic,normal,random,14,980644,980644,98165518,0.0102079,1127.16,[1024-2048],100.103,101.088,50020.4,15225,0.0510077,0.0155255,0.00851207,0.0767856,8347.31,75299.3,999.968,1.88104,0.946062,cuSPARSE_hyb9-2,0.00279875,70.1495,108.056,0.301502
synthetic,normal,random,14,980644,980644,98165518,0.0102079,1127.16,[1024-2048],100.103,101.088,50020.4,15225,0.0510077,0.0155255,0.00851207,0.0767856,8347.31,75299.3,999.968,1.88104,0.946062,cuSPARSE_csr11,0.00348211,56.3828,138.215,0.478454
synthetic,normal,random,14,980644,980644,98165518,0.0102079,1127.16,[1024-2048],100.103,101.088,50020.4,15225,0.0510077,0.0155255,0.00851207,0.0767856,8347.31,75299.3,999.968,1.88104,0.946062,cuSPARSE_coo11,0.00372056,52.7693,132.824,0.492444
synthetic,normal,random,14,980644,980644,98165518,0.0102079,1127.16,[1024-2048],100.103,101.088,50020.4,15225,0.0510077,0.0155255,0.00851207,0.0767856,8347.31,75299.3,999.968,1.88104,0.946062,CSR5_9,1.12504e-06,174511,35.4419,3.79196e-05
synthetic,normal,random,14,980644,980644,99044944,0.0102993,1137.22,[1024-2048],101,990.173,49983.2,15298.9,0.0509698,0.0156009,0.00888411,0.0788618,8712.15,77335.4,9708.36,1.88219,0.0513386,cuSPARSE_hyb9-2,0.00498916,39.704,104.498,0.519467
synthetic,normal,random,14,980644,980644,99044944,0.0102993,1137.22,[1024-2048],101,990.173,49983.2,15298.9,0.0509698,0.0156009,0.00888411,0.0788618,8712.15,77335.4,9708.36,1.88219,0.0513386,cuSPARSE_csr11,0.0076702,25.8259,86.2302,0.662161
synthetic,normal,random,14,980644,980644,99044944,0.0102993,1137.22,[1024-2048],101,990.173,49983.2,15298.9,0.0509698,0.0156009,0.00888411,0.0788618,8712.15,77335.4,9708.36,1.88219,0.0513386,cuSPARSE_coo11,0.00375259,52.7875,139.135,0.519831
synthetic,normal,random,14,980644,980644,99044944,0.0102993,1137.22,[1024-2048],101,990.173,49983.2,15298.9,0.0509698,0.0156009,0.00888411,0.0788618,8712.15,77335.4,9708.36,1.88219,0.0513386,CSR5_9,1.07102e-06,184954,35.3331,3.64942e-05
synthetic,normal,random,14,980644,980644,99044944,0.0102993,1137.22,[1024-2048],101,990.173,49957.5,15333.5,0.0509435,0.0156361,0.00888217,0.0788444,8710.24,77318.3,9708.36,1.88231,0.498697,cuSPARSE_hyb9-2,0.00370587,53.4531,111.606,0.412158
synthetic,normal,random,14,980644,980644,99044944,0.0102993,1137.22,[1024-2048],101,990.173,49957.5,15333.5,0.0509435,0.0156361,0.00888217,0.0788444,8710.24,77318.3,9708.36,1.88231,0.498697,cuSPARSE_csr11,0.00775517,25.5429,84.0119,0.649263
synthetic,normal,random,14,980644,980644,99044944,0.0102993,1137.22,[1024-2048],101,990.173,49957.5,15333.5,0.0509435,0.0156361,0.00888217,0.0788444,8710.24,77318.3,9708.36,1.88231,0.498697,cuSPARSE_coo11,0.00384597,51.5058,134.637,0.516007
synthetic,normal,random,14,980644,980644,99044944,0.0102993,1137.22,[1024-2048],101,990.173,49957.5,15333.5,0.0509435,0.0156361,0.00888217,0.0788444,8710.24,77318.3,9708.36,1.88231,0.498697,CSR5_9,1.09337e-06,181173,35.3355,3.75635e-05
synthetic,normal,random,14,980644,980644,99044944,0.0102993,1137.22,[1024-2048],101,990.173,50020.6,15251.4,0.0510079,0.0155525,0.0085017,0.0767203,8337.15,75235.3,9708.36,1.8821,0.946059,cuSPARSE_hyb9-2,0.00288733,68.6065,106.838,0.307442
synthetic,normal,random,14,980644,980644,99044944,0.0102993,1137.22,[1024-2048],101,990.173,50020.6,15251.4,0.0510079,0.0155525,0.0085017,0.0767203,8337.15,75235.3,9708.36,1.8821,0.946059,cuSPARSE_csr11,0.00769404,25.7459,81.8648,0.630376
synthetic,normal,random,14,980644,980644,99044944,0.0102993,1137.22,[1024-2048],101,990.173,50020.6,15251.4,0.0510079,0.0155525,0.0085017,0.0767203,8337.15,75235.3,9708.36,1.8821,0.946059,cuSPARSE_coo11,0.00376786,52.5736,132.063,0.495866
synthetic,normal,random,14,980644,980644,99044944,0.0102993,1137.22,[1024-2048],101,990.173,50020.6,15251.4,0.0510079,0.0155525,0.0085017,0.0767203,8337.15,75235.3,9708.36,1.8821,0.946059,CSR5_9,1.16229e-06,170431,35.3532,3.6808e-05
synthetic,normal,random,14,980644,980644,98074618,0.0101984,1126.12,[1024-2048],100.01,33.3056,288707,105617,0.294406,0.107701,0.0247401,0.153796,24261.2,150819,1.50974,1.88057,0.042656,cuSPARSE_hyb9-2,0.00987309,19.867,91.3808,0.902023
synthetic,normal,random,14,980644,980644,98074618,0.0101984,1126.12,[1024-2048],100.01,33.3056,288707,105617,0.294406,0.107701,0.0247401,0.153796,24261.2,150819,1.50974,1.88057,0.042656,cuSPARSE_csr11,0.00435695,45.0198,129.373,0.563834
synthetic,normal,random,14,980644,980644,98074618,0.0101984,1126.12,[1024-2048],100.01,33.3056,288707,105617,0.294406,0.107701,0.0247401,0.153796,24261.2,150819,1.50974,1.88057,0.042656,cuSPARSE_coo11,0.00506227,38.7473,125.889,0.635197
synthetic,normal,random,14,980644,980644,98074618,0.0101984,1126.12,[1024-2048],100.01,33.3056,288707,105617,0.294406,0.107701,0.0247401,0.153796,24261.2,150819,1.50974,1.88057,0.042656,CSR5_9,1.12504e-06,174349,35.433,3.86733e-05
synthetic,normal,random,14,980644,980644,98074618,0.0101984,1126.12,[1024-2048],100.01,33.3056,278839,109609,0.284343,0.111773,0.0214224,0.142979,21007.7,140211,1.50974,1.87335,0.423721,cuSPARSE_hyb9-2,0.00818313,23.97,93.9179,0.765895
synthetic,normal,random,14,980644,980644,98074618,0.0101984,1126.12,[1024-2048],100.01,33.3056,278839,109609,0.284343,0.111773,0.0214224,0.142979,21007.7,140211,1.50974,1.87335,0.423721,cuSPARSE_csr11,0.00404245,48.5223,130.065,0.526397
synthetic,normal,random,14,980644,980644,98074618,0.0101984,1126.12,[1024-2048],100.01,33.3056,278839,109609,0.284343,0.111773,0.0214224,0.142979,21007.7,140211,1.50974,1.87335,0.423721,cuSPARSE_coo11,0.00461176,42.5324,127.604,0.586355
synthetic,normal,random,14,980644,980644,98074618,0.0101984,1126.12,[1024-2048],100.01,33.3056,278839,109609,0.284343,0.111773,0.0214224,0.142979,21007.7,140211,1.50974,1.87335,0.423721,CSR5_9,1.09337e-06,179398,35.3975,3.70929e-05
synthetic,normal,random,14,980644,980644,98074618,0.0101984,1126.12,[1024-2048],100.01,33.3056,252310,125804,0.25729,0.128287,0.0107191,0.0993604,10511.7,97437.2,1.50974,1.83963,0.804965,cuSPARSE_hyb9-2,0.00574282,34.1556,100.532,0.575284
synthetic,normal,random,14,980644,980644,98074618,0.0101984,1126.12,[1024-2048],100.01,33.3056,252310,125804,0.25729,0.128287,0.0107191,0.0993604,10511.7,97437.2,1.50974,1.83963,0.804965,cuSPARSE_csr11,0.00357305,54.8969,133.646,0.475472
synthetic,normal,random,14,980644,980644,98074618,0.0101984,1126.12,[1024-2048],100.01,33.3056,252310,125804,0.25729,0.128287,0.0107191,0.0993604,10511.7,97437.2,1.50974,1.83963,0.804965,cuSPARSE_coo11,0.00407388,48.1481,129.994,0.531027
synthetic,normal,random,14,980644,980644,98074618,0.0101984,1126.12,[1024-2048],100.01,33.3056,252310,125804,0.25729,0.128287,0.0107191,0.0993604,10511.7,97437.2,1.50974,1.83963,0.804965,CSR5_9,1.12504e-06,174349,35.4674,3.74166e-05
synthetic,normal,random,14,980644,980644,98186151,0.01021,1127.39,[1024-2048],100.124,34.1162,299615,91732.1,0.305529,0.0935427,0.00671436,0.0788032,6584.39,77277.9,100.874,1.88092,0.0499109,cuSPARSE_hyb9-2,0.00853939,22.9961,91.1781,0.775926
synthetic,normal,random,14,980644,980644,98186151,0.01021,1127.39,[1024-2048],100.124,34.1162,299615,91732.1,0.305529,0.0935427,0.00671436,0.0788032,6584.39,77277.9,100.874,1.88092,0.0499109,cuSPARSE_csr11,0.00470047,41.7772,131.06,0.61347
synthetic,normal,random,14,980644,980644,98186151,0.01021,1127.39,[1024-2048],100.124,34.1162,299615,91732.1,0.305529,0.0935427,0.00671436,0.0788032,6584.39,77277.9,100.874,1.88092,0.0499109,cuSPARSE_coo11,0.00505709,38.8311,126.17,0.635833
synthetic,normal,random,14,980644,980644,98186151,0.01021,1127.39,[1024-2048],100.124,34.1162,299615,91732.1,0.305529,0.0935427,0.00671436,0.0788032,6584.39,77277.9,100.874,1.88092,0.0499109,CSR5_9,1.08592e-06,180835,35.3988,3.7132e-05
synthetic,normal,random,14,980644,980644,98186151,0.01021,1127.39,[1024-2048],100.124,34.1162,301254,90673.9,0.3072,0.0924636,0.00595217,0.073937,5836.96,72505.9,100.874,1.87935,0.497904,cuSPARSE_hyb9-2,0.0059952,32.7549,95.7589,0.573451
synthetic,normal,random,14,980644,980644,98186151,0.01021,1127.39,[1024-2048],100.124,34.1162,301254,90673.9,0.3072,0.0924636,0.00595217,0.073937,5836.96,72505.9,100.874,1.87935,0.497904,cuSPARSE_csr11,0.00412022,47.6606,134.099,0.55034
synthetic,normal,random,14,980644,980644,98186151,0.01021,1127.39,[1024-2048],100.124,34.1162,301254,90673.9,0.3072,0.0924636,0.00595217,0.073937,5836.96,72505.9,100.874,1.87935,0.497904,cuSPARSE_coo11,0.00448642,43.7703,126.545,0.565796
synthetic,normal,random,14,980644,980644,98186151,0.01021,1127.39,[1024-2048],100.124,34.1162,301254,90673.9,0.3072,0.0924636,0.00595217,0.073937,5836.96,72505.9,100.874,1.87935,0.497904,CSR5_9,1.13249e-06,173399,35.4819,3.86837e-05
synthetic,normal,random,14,980644,980644,98186151,0.01021,1127.39,[1024-2048],100.124,34.1162,315275,83119.2,0.321498,0.0847598,0.00281082,0.049074,2756.42,48124.2,100.874,1.85449,0.945593,cuSPARSE_hyb9-2,0.00291296,67.4133,108.357,0.314283
synthetic,normal,random,14,980644,980644,98186151,0.01021,1127.39,[1024-2048],100.124,34.1162,315275,83119.2,0.321498,0.0847598,0.00281082,0.049074,2756.42,48124.2,100.874,1.85449,0.945593,cuSPARSE_csr11,0.00352327,55.7359,135.792,0.47909
synthetic,normal,random,14,980644,980644,98186151,0.01021,1127.39,[1024-2048],100.124,34.1162,315275,83119.2,0.321498,0.0847598,0.00281082,0.049074,2756.42,48124.2,100.874,1.85449,0.945593,cuSPARSE_coo11,0.00374676,52.4112,132.545,0.494699
synthetic,normal,random,14,980644,980644,98186151,0.01021,1127.39,[1024-2048],100.124,34.1162,315275,83119.2,0.321498,0.0847598,0.00281082,0.049074,2756.42,48124.2,100.874,1.85449,0.945593,CSR5_9,1.09337e-06,179602,35.4552,3.72949e-05
synthetic,normal,random,14,980644,980644,98165518,0.0102079,1127.16,[1024-2048],100.103,101.088,299725,91536.4,0.305641,0.0933431,0.00662156,0.0782402,6493.4,76725.8,999.968,1.88103,0.0503836,cuSPARSE_hyb9-2,0.0085306,23.0149,91.2292,0.775337
synthetic,normal,random,14,980644,980644,98165518,0.0102079,1127.16,[1024-2048],100.103,101.088,299725,91536.4,0.305641,0.0933431,0.00662156,0.0782402,6493.4,76725.8,999.968,1.88103,0.0503836,cuSPARSE_csr11,0.00470742,41.7067,131.203,0.618367
synthetic,normal,random,14,980644,980644,98165518,0.0102079,1127.16,[1024-2048],100.103,101.088,299725,91536.4,0.305641,0.0933431,0.00662156,0.0782402,6493.4,76725.8,999.968,1.88103,0.0503836,cuSPARSE_coo11,0.00505534,38.8363,126.36,0.636562
synthetic,normal,random,14,980644,980644,98165518,0.0102079,1127.16,[1024-2048],100.103,101.088,299725,91536.4,0.305641,0.0933431,0.00662156,0.0782402,6493.4,76725.8,999.968,1.88103,0.0503836,CSR5_9,1.10827e-06,177150,35.403,3.73407e-05
synthetic,normal,random,14,980644,980644,98165518,0.0102079,1127.16,[1024-2048],100.103,101.088,299549,91728.6,0.305461,0.0935392,0.00667067,0.0785293,6541.55,77009.3,999.968,1.8811,0.497913,cuSPARSE_hyb9-2,0.00596913,32.891,95.6687,0.571879
synthetic,normal,random,14,980644,980644,98165518,0.0102079,1127.16,[1024-2048],100.103,101.088,299549,91728.6,0.305461,0.0935392,0.00667067,0.0785293,6541.55,77009.3,999.968,1.8811,0.497913,cuSPARSE_csr11,0.0041099,47.7703,133.737,0.547439
synthetic,normal,random,14,980644,980644,98165518,0.0102079,1127.16,[1024-2048],100.103,101.088,299549,91728.6,0.305461,0.0935392,0.00667067,0.0785293,6541.55,77009.3,999.968,1.8811,0.497913,cuSPARSE_coo11,0.00448294,43.7952,128.084,0.573615
synthetic,normal,random,14,980644,980644,98165518,0.0102079,1127.16,[1024-2048],100.103,101.088,299549,91728.6,0.305461,0.0935392,0.00667067,0.0785293,6541.55,77009.3,999.968,1.8811,0.497913,CSR5_9,1.14925e-06,170834,35.4168,3.87602e-05
synthetic,normal,random,14,980644,980644,98165518,0.0102079,1127.16,[1024-2048],100.103,101.088,300316,91806.7,0.306244,0.0936187,0.00654975,0.0777814,6422.97,76275.9,999.968,1.88099,0.945986,cuSPARSE_hyb9-2,0.00288766,67.9896,107.4,0.309248
synthetic,normal,random,14,980644,980644,98165518,0.0102079,1127.16,[1024-2048],100.103,101.088,300316,91806.7,0.306244,0.0936187,0.00654975,0.0777814,6422.97,76275.9,999.968,1.88099,0.945986,cuSPARSE_csr11,0.00349999,56.0947,136.585,0.476256
synthetic,normal,random,14,980644,980644,98165518,0.0102079,1127.16,[1024-2048],100.103,101.088,300316,91806.7,0.306244,0.0936187,0.00654975,0.0777814,6422.97,76275.9,999.968,1.88099,0.945986,cuSPARSE_coo11,0.00373958,52.5008,132.372,0.494396
synthetic,normal,random,14,980644,980644,98165518,0.0102079,1127.16,[1024-2048],100.103,101.088,300316,91806.7,0.306244,0.0936187,0.00654975,0.0777814,6422.97,76275.9,999.968,1.88099,0.945986,CSR5_9,1.10827e-06,177150,35.5206,3.79372e-05
synthetic,normal,random,14,980644,980644,99044944,0.0102993,1137.22,[1024-2048],101,990.173,299729,91537.9,0.305645,0.0933447,0.00662133,0.0782399,6493.16,76725.5,9708.36,1.88218,0.0503785,cuSPARSE_hyb9-2,0.00860748,23.0137,91.2749,0.782943
synthetic,normal,random,14,980644,980644,99044944,0.0102993,1137.22,[1024-2048],101,990.173,299729,91537.9,0.305645,0.0933447,0.00662133,0.0782399,6493.16,76725.5,9708.36,1.88218,0.0503785,cuSPARSE_csr11,0.00893084,22.1804,86.1721,0.766732
synthetic,normal,random,14,980644,980644,99044944,0.0102993,1137.22,[1024-2048],101,990.173,299729,91537.9,0.305645,0.0933447,0.00662133,0.0782399,6493.16,76725.5,9708.36,1.88218,0.0503785,cuSPARSE_coo11,0.00510244,38.8226,126.159,0.641509
synthetic,normal,random,14,980644,980644,99044944,0.0102993,1137.22,[1024-2048],101,990.173,299729,91537.9,0.305645,0.0933447,0.00662133,0.0782399,6493.16,76725.5,9708.36,1.88218,0.0503785,CSR5_9,1.14925e-06,172364,35.3692,3.80433e-05
synthetic,normal,random,14,980644,980644,99044944,0.0102993,1137.22,[1024-2048],101,990.173,299547,91732.7,0.305459,0.0935433,0.00667223,0.0785414,6543.08,77021.2,9708.36,1.88225,0.497918,cuSPARSE_hyb9-2,0.0060501,32.7416,95.7783,0.57747
synthetic,normal,random,14,980644,980644,99044944,0.0102993,1137.22,[1024-2048],101,990.173,299547,91732.7,0.305459,0.0935433,0.00667223,0.0785414,6543.08,77021.2,9708.36,1.88225,0.497918,cuSPARSE_csr11,0.00835241,23.7165,84.8104,0.706801
synthetic,normal,random,14,980644,980644,99044944,0.0102993,1137.22,[1024-2048],101,990.173,299547,91732.7,0.305459,0.0935433,0.00667223,0.0785414,6543.08,77021.2,9708.36,1.88225,0.497918,cuSPARSE_coo11,0.00453085,43.7202,127.738,0.576475
synthetic,normal,random,14,980644,980644,99044944,0.0102993,1137.22,[1024-2048],101,990.173,299547,91732.7,0.305459,0.0935433,0.00667223,0.0785414,6543.08,77021.2,9708.36,1.88225,0.497918,CSR5_9,1.15484e-06,171530,35.3397,3.88646e-05
synthetic,normal,random,14,980644,980644,99044944,0.0102993,1137.22,[1024-2048],101,990.173,300305,91812.9,0.306232,0.0936251,0.00655565,0.0778315,6428.75,76325,9708.36,1.88215,0.945992,cuSPARSE_hyb9-2,0.00297174,66.6578,106.856,0.316409
synthetic,normal,random,14,980644,980644,99044944,0.0102993,1137.22,[1024-2048],101,990.173,300305,91812.9,0.306232,0.0936251,0.00655565,0.0778315,6428.75,76325,9708.36,1.88215,0.945992,cuSPARSE_csr11,0.00770967,25.6937,82.1718,0.631225
synthetic,normal,random,14,980644,980644,99044944,0.0102993,1137.22,[1024-2048],101,990.173,300305,91812.9,0.306232,0.0936251,0.00655565,0.0778315,6428.75,76325,9708.36,1.88215,0.945992,cuSPARSE_coo11,0.0037867,52.312,131.695,0.496931
synthetic,normal,random,14,980644,980644,99044944,0.0102993,1137.22,[1024-2048],101,990.173,300305,91812.9,0.306232,0.0936251,0.00655565,0.0778315,6428.75,76325,9708.36,1.88215,0.945992,CSR5_9,1.09337e-06,181173,35.3094,3.73163e-05
synthetic,normal,random,14,980644,980644,98074618,0.0101984,1126.12,[1024-2048],100.01,33.3056,577661,211029,0.589063,0.215195,0.0243773,0.153424,23905.4,150454,1.50974,1.88058,0.0423951,cuSPARSE_hyb9-2,0.0142388,13.7757,84.4425,1.20043
synthetic,normal,random,14,980644,980644,98074618,0.0101984,1126.12,[1024-2048],100.01,33.3056,577661,211029,0.589063,0.215195,0.0243773,0.153424,23905.4,150454,1.50974,1.88058,0.0423951,cuSPARSE_csr11,0.00469206,41.8045,126.41,0.59086
synthetic,normal,random,14,980644,980644,98074618,0.0101984,1126.12,[1024-2048],100.01,33.3056,577661,211029,0.589063,0.215195,0.0243773,0.153424,23905.4,150454,1.50974,1.88058,0.0423951,cuSPARSE_coo11,0.00538641,36.4156,123.868,0.665015
synthetic,normal,random,14,980644,980644,98074618,0.0101984,1126.12,[1024-2048],100.01,33.3056,577661,211029,0.589063,0.215195,0.0243773,0.153424,23905.4,150454,1.50974,1.88058,0.0423951,CSR5_9,1.11014e-06,176689,35.4159,3.78188e-05
synthetic,normal,random,14,980644,980644,98074618,0.0101984,1126.12,[1024-2048],100.01,33.3056,557425,219315,0.568427,0.223644,0.0212506,0.14329,20839.3,140517,1.50974,1.87333,0.423619,cuSPARSE_hyb9-2,0.0111953,17.5207,86.9558,0.970292
synthetic,normal,random,14,980644,980644,98074618,0.0101984,1126.12,[1024-2048],100.01,33.3056,557425,219315,0.568427,0.223644,0.0212506,0.14329,20839.3,140517,1.50974,1.87333,0.423619,cuSPARSE_csr11,0.00412124,47.5947,130.264,0.535165
synthetic,normal,random,14,980644,980644,98074618,0.0101984,1126.12,[1024-2048],100.01,33.3056,557425,219315,0.568427,0.223644,0.0212506,0.14329,20839.3,140517,1.50974,1.87333,0.423619,cuSPARSE_coo11,0.00476162,41.1938,126.422,0.599951
synthetic,normal,random,14,980644,980644,98074618,0.0101984,1126.12,[1024-2048],100.01,33.3056,557425,219315,0.568427,0.223644,0.0212506,0.14329,20839.3,140517,1.50974,1.87333,0.423619,CSR5_9,1.21072e-06,162010,35.5024,3.99398e-05
synthetic,normal,random,14,980644,980644,98074618,0.0101984,1126.12,[1024-2048],100.01,33.3056,504445,251563,0.514402,0.256528,0.0103998,0.0995586,10198.5,97631.5,1.50974,1.83966,0.804856,cuSPARSE_hyb9-2,0.00687315,28.5385,94.4106,0.647957
synthetic,normal,random,14,980644,980644,98074618,0.0101984,1126.12,[1024-2048],100.01,33.3056,504445,251563,0.514402,0.256528,0.0103998,0.0995586,10198.5,97631.5,1.50974,1.83966,0.804856,cuSPARSE_csr11,0.00360831,54.3604,133.52,0.480086
synthetic,normal,random,14,980644,980644,98074618,0.0101984,1126.12,[1024-2048],100.01,33.3056,504445,251563,0.514402,0.256528,0.0103998,0.0995586,10198.5,97631.5,1.50974,1.83966,0.804856,cuSPARSE_coo11,0.00410699,47.7598,129.597,0.533657
synthetic,normal,random,14,980644,980644,98074618,0.0101984,1126.12,[1024-2048],100.01,33.3056,504445,251563,0.514402,0.256528,0.0103998,0.0995586,10198.5,97631.5,1.50974,1.83966,0.804856,CSR5_9,1.10827e-06,176986,35.5615,3.68793e-05
synthetic,normal,random,14,980644,980644,98186151,0.01021,1127.39,[1024-2048],100.124,34.1162,599272,183269,0.611101,0.186887,0.00645915,0.0786429,6334.13,77120.7,100.874,1.88093,0.0497806,cuSPARSE_hyb9-2,0.0134147,14.6386,83.3103,1.11421
synthetic,normal,random,14,980644,980644,98186151,0.01021,1127.39,[1024-2048],100.124,34.1162,599272,183269,0.611101,0.186887,0.00645915,0.0786429,6334.13,77120.7,100.874,1.88093,0.0497806,cuSPARSE_csr11,0.0051428,38.1839,126.82,0.649616
synthetic,normal,random,14,980644,980644,98186151,0.01021,1127.39,[1024-2048],100.124,34.1162,599272,183269,0.611101,0.186887,0.00645915,0.0786429,6334.13,77120.7,100.874,1.88093,0.0497806,cuSPARSE_coo11,0.00537223,36.5532,122.728,0.65994
synthetic,normal,random,14,980644,980644,98186151,0.01021,1127.39,[1024-2048],100.124,34.1162,599272,183269,0.611101,0.186887,0.00645915,0.0786429,6334.13,77120.7,100.874,1.88093,0.0497806,CSR5_9,1.10082e-06,178387,35.4661,3.71292e-05
synthetic,normal,random,14,980644,980644,98186151,0.01021,1127.39,[1024-2048],100.124,34.1162,602421,181294,0.614312,0.184872,0.00566766,0.0735369,5557.95,72113.5,100.874,1.87939,0.497576,cuSPARSE_hyb9-2,0.00861315,22.7991,87.069,0.747502
synthetic,normal,random,14,980644,980644,98186151,0.01021,1127.39,[1024-2048],100.124,34.1162,602421,181294,0.614312,0.184872,0.00566766,0.0735369,5557.95,72113.5,100.874,1.87939,0.497576,cuSPARSE_csr11,0.00427892,45.8929,131.984,0.562718
synthetic,normal,random,14,980644,980644,98186151,0.01021,1127.39,[1024-2048],100.124,34.1162,602421,181294,0.614312,0.184872,0.00566766,0.0735369,5557.95,72113.5,100.874,1.87939,0.497576,cuSPARSE_coo11,0.00459537,42.7327,125.772,0.575772
synthetic,normal,random,14,980644,980644,98186151,0.01021,1127.39,[1024-2048],100.124,34.1162,602421,181294,0.614312,0.184872,0.00566766,0.0735369,5557.95,72113.5,100.874,1.87939,0.497576,CSR5_9,1.06916e-06,183670,35.3814,3.66094e-05
synthetic,normal,random,14,980644,980644,98186151,0.01021,1127.39,[1024-2048],100.124,34.1162,629654,165618,0.642083,0.168887,0.00257949,0.048735,2529.56,47791.7,100.874,1.85458,0.945546,cuSPARSE_hyb9-2,0.00294944,66.5796,107.876,0.317832
synthetic,normal,random,14,980644,980644,98186151,0.01021,1127.39,[1024-2048],100.124,34.1162,629654,165618,0.642083,0.168887,0.00257949,0.048735,2529.56,47791.7,100.874,1.85458,0.945546,cuSPARSE_csr11,0.00352613,55.6907,137.849,0.484357
synthetic,normal,random,14,980644,980644,98186151,0.01021,1127.39,[1024-2048],100.124,34.1162,629654,165618,0.642083,0.168887,0.00257949,0.048735,2529.56,47791.7,100.874,1.85458,0.945546,cuSPARSE_coo11,0.00374985,52.3681,132.368,0.494635
synthetic,normal,random,14,980644,980644,98186151,0.01021,1127.39,[1024-2048],100.124,34.1162,629654,165618,0.642083,0.168887,0.00257949,0.048735,2529.56,47791.7,100.874,1.85458,0.945546,CSR5_9,1.1418e-06,171985,35.5886,3.90804e-05
synthetic,normal,random,14,980644,980644,98165518,0.0102079,1127.16,[1024-2048],100.103,101.088,599292,183247,0.611121,0.186864,0.00634246,0.0779022,6219.7,76394.4,999.968,1.88101,0.0502441,cuSPARSE_hyb9-2,0.0134446,14.603,83.2532,1.1171
synthetic,normal,random,14,980644,980644,98165518,0.0102079,1127.16,[1024-2048],100.103,101.088,599292,183247,0.611121,0.186864,0.00634246,0.0779022,6219.7,76394.4,999.968,1.88101,0.0502441,cuSPARSE_csr11,0.00514829,38.1352,126.812,0.650333
synthetic,normal,random,14,980644,980644,98165518,0.0102079,1127.16,[1024-2048],100.103,101.088,599292,183247,0.611121,0.186864,0.00634246,0.0779022,6219.7,76394.4,999.968,1.88101,0.0502441,cuSPARSE_coo11,0.00537033,36.5585,122.899,0.657765
synthetic,normal,random,14,980644,980644,98165518,0.0102079,1127.16,[1024-2048],100.103,101.088,599292,183247,0.611121,0.186864,0.00634246,0.0779022,6219.7,76394.4,999.968,1.88101,0.0502441,CSR5_9,1.10827e-06,177150,35.5185,3.80683e-05
synthetic,normal,random,14,980644,980644,98165518,0.0102079,1127.16,[1024-2048],100.103,101.088,598973,183215,0.610795,0.186831,0.00643954,0.0785345,6314.9,77014.4,999.968,1.88112,0.497772,cuSPARSE_hyb9-2,0.00855886,22.9389,87.1998,0.743714
synthetic,normal,random,14,980644,980644,98165518,0.0102079,1127.16,[1024-2048],100.103,101.088,598973,183215,0.610795,0.186831,0.00643954,0.0785345,6314.9,77014.4,999.968,1.88112,0.497772,cuSPARSE_csr11,0.00426383,46.0457,132.226,0.561842
synthetic,normal,random,14,980644,980644,98165518,0.0102079,1127.16,[1024-2048],100.103,101.088,598973,183215,0.610795,0.186831,0.00643954,0.0785345,6314.9,77014.4,999.968,1.88112,0.497772,cuSPARSE_coo11,0.00459276,42.748,127.492,0.583383
synthetic,normal,random,14,980644,980644,98165518,0.0102079,1127.16,[1024-2048],100.103,101.088,598973,183215,0.610795,0.186831,0.00643954,0.0785345,6314.9,77014.4,999.968,1.88112,0.497772,CSR5_9,1.10827e-06,177150,35.462,3.78446e-05
synthetic,normal,random,14,980644,980644,98165518,0.0102079,1127.16,[1024-2048],100.103,101.088,600449,182544,0.612301,0.186147,0.00635989,0.0778476,6236.79,76340.8,999.968,1.88102,0.945978,cuSPARSE_hyb9-2,0.00291848,67.2716,107.006,0.312085
synthetic,normal,random,14,980644,980644,98165518,0.0102079,1127.16,[1024-2048],100.103,101.088,600449,182544,0.612301,0.186147,0.00635989,0.0778476,6236.79,76340.8,999.968,1.88102,0.945978,cuSPARSE_csr11,0.00350387,56.0327,136.426,0.47762
synthetic,normal,random,14,980644,980644,98165518,0.0102079,1127.16,[1024-2048],100.103,101.088,600449,182544,0.612301,0.186147,0.00635989,0.0778476,6236.79,76340.8,999.968,1.88102,0.945978,cuSPARSE_coo11,0.00374169,52.4713,132.653,0.49456
synthetic,normal,random,14,980644,980644,98165518,0.0102079,1127.16,[1024-2048],100.103,101.088,600449,182544,0.612301,0.186147,0.00635989,0.0778476,6236.79,76340.8,999.968,1.88102,0.945978,CSR5_9,1.10827e-06,177150,35.399,3.73055e-05
synthetic,normal,random,14,980644,980644,99044944,0.0102993,1137.22,[1024-2048],101,990.173,599291,183248,0.611119,0.186865,0.00634235,0.0779022,6219.58,76394.3,9708.36,1.88216,0.050237,cuSPARSE_hyb9-2,0.0134833,14.6915,83.4961,1.1225
synthetic,normal,random,14,980644,980644,99044944,0.0102993,1137.22,[1024-2048],101,990.173,599291,183248,0.611119,0.186865,0.00634235,0.0779022,6219.58,76394.3,9708.36,1.88216,0.050237,cuSPARSE_csr11,0.00938466,21.1078,85.5762,0.800156
synthetic,normal,random,14,980644,980644,99044944,0.0102993,1137.22,[1024-2048],101,990.173,599291,183248,0.611119,0.186865,0.00634235,0.0779022,6219.58,76394.3,9708.36,1.88216,0.050237,cuSPARSE_coo11,0.00541635,36.5726,122.922,0.663192
synthetic,normal,random,14,980644,980644,99044944,0.0102993,1137.22,[1024-2048],101,990.173,599291,183248,0.611119,0.186865,0.00634235,0.0779022,6219.58,76394.3,9708.36,1.88216,0.050237,CSR5_9,1.11759e-06,177248,35.3564,3.8425e-05
synthetic,normal,random,14,980644,980644,99044944,0.0102993,1137.22,[1024-2048],101,990.173,598973,183221,0.610795,0.186837,0.00644236,0.0785536,6317.66,77033.1,9708.36,1.88227,0.497778,cuSPARSE_hyb9-2,0.00863251,22.947,87.2428,0.753295
synthetic,normal,random,14,980644,980644,99044944,0.0102993,1137.22,[1024-2048],101,990.173,598973,183221,0.610795,0.186837,0.00644236,0.0785536,6317.66,77033.1,9708.36,1.88227,0.497778,cuSPARSE_csr11,0.00851777,23.2561,84.3156,0.718633
synthetic,normal,random,14,980644,980644,99044944,0.0102993,1137.22,[1024-2048],101,990.173,598973,183221,0.610795,0.186837,0.00644236,0.0785536,6317.66,77033.1,9708.36,1.88227,0.497778,cuSPARSE_coo11,0.004638,42.7102,126.879,0.58756
synthetic,normal,random,14,980644,980644,99044944,0.0102993,1137.22,[1024-2048],101,990.173,598973,183221,0.610795,0.186837,0.00644236,0.0785536,6317.66,77033.1,9708.36,1.88227,0.497778,CSR5_9,1.1567e-06,171254,35.3298,3.95501e-05
synthetic,normal,random,14,980644,980644,99044944,0.0102993,1137.22,[1024-2048],101,990.173,600420,182557,0.612271,0.18616,0.00636724,0.0778988,6244,76391,9708.36,1.88218,0.945982,cuSPARSE_hyb9-2,0.00300017,66.0262,107.384,0.320988
synthetic,normal,random,14,980644,980644,99044944,0.0102993,1137.22,[1024-2048],101,990.173,600420,182557,0.612271,0.18616,0.00636724,0.0778988,6244,76391,9708.36,1.88218,0.945982,cuSPARSE_csr11,0.00771151,25.6875,81.8983,0.629242
synthetic,normal,random,14,980644,980644,99044944,0.0102993,1137.22,[1024-2048],101,990.173,600420,182557,0.612271,0.18616,0.00636724,0.0778988,6244,76391,9708.36,1.88218,0.945982,cuSPARSE_coo11,0.00378905,52.2796,131.631,0.500032
synthetic,normal,random,14,980644,980644,99044944,0.0102993,1137.22,[1024-2048],101,990.173,600420,182557,0.612271,0.18616,0.00636724,0.0778988,6244,76391,9708.36,1.88218,0.945982,CSR5_9,1.09524e-06,180865,35.371,3.77559e-05
synthetic,normal,random,14,196651,196651,98269043,0.254112,1125.35,[1024-2048],499.713,166.438,9687.74,1106.95,0.0492636,0.00562903,0.0521654,0.0320502,10258.4,6302.7,1.52945,1.89757,0.0906363,cuSPARSE_hyb9-2,0.00563755,34.8623,102.42,0.576049
synthetic,normal,random,14,196651,196651,98269043,0.254112,1125.35,[1024-2048],499.713,166.438,9687.74,1106.95,0.0492636,0.00562903,0.0521654,0.0320502,10258.4,6302.7,1.52945,1.89757,0.0906363,cuSPARSE_csr11,0.00302298,65.0148,118.399,0.357462
synthetic,normal,random,14,196651,196651,98269043,0.254112,1125.35,[1024-2048],499.713,166.438,9687.74,1106.95,0.0492636,0.00562903,0.0521654,0.0320502,10258.4,6302.7,1.52945,1.89757,0.0906363,cuSPARSE_coo11,0.00351427,55.9258,133.308,0.466761
synthetic,normal,random,14,196651,196651,98269043,0.254112,1125.35,[1024-2048],499.713,166.438,9687.74,1106.95,0.0492636,0.00562903,0.0521654,0.0320502,10258.4,6302.7,1.52945,1.89757,0.0906363,CSR5_9,1.11759e-06,175859,35.2246,3.77241e-05
synthetic,normal,random,14,196651,196651,98269043,0.254112,1125.35,[1024-2048],499.713,166.438,8958.75,2015.51,0.0455566,0.0102492,0.0582019,0.0334182,11445.5,6571.73,1.52945,1.8963,0.445048,cuSPARSE_hyb9-2,0.00496465,39.5875,106.373,0.528923
synthetic,normal,random,14,196651,196651,98269043,0.254112,1125.35,[1024-2048],499.713,166.438,8958.75,2015.51,0.0455566,0.0102492,0.0582019,0.0334182,11445.5,6571.73,1.52945,1.8963,0.445048,cuSPARSE_csr11,0.00301978,65.0836,118.473,0.356412
synthetic,normal,random,14,196651,196651,98269043,0.254112,1125.35,[1024-2048],499.713,166.438,8958.75,2015.51,0.0455566,0.0102492,0.0582019,0.0334182,11445.5,6571.73,1.52945,1.8963,0.445048,cuSPARSE_coo11,0.00351013,55.9916,132.018,0.464165
synthetic,normal,random,14,196651,196651,98269043,0.254112,1125.35,[1024-2048],499.713,166.438,8958.75,2015.51,0.0455566,0.0102492,0.0582019,0.0334182,11445.5,6571.73,1.52945,1.8963,0.445048,CSR5_9,1.16415e-06,168825,35.2767,3.96383e-05
synthetic,normal,random,14,196651,196651,98269043,0.254112,1125.35,[1024-2048],499.713,166.438,7323.14,3171.63,0.0372393,0.0161282,0.0873705,0.0658212,17181.5,12943.8,1.52945,1.89188,0.8008,cuSPARSE_hyb9-2,0.0043867,44.8031,107.573,0.470149
synthetic,normal,random,14,196651,196651,98269043,0.254112,1125.35,[1024-2048],499.713,166.438,7323.14,3171.63,0.0372393,0.0161282,0.0873705,0.0658212,17181.5,12943.8,1.52945,1.89188,0.8008,cuSPARSE_csr11,0.00301135,65.2657,117.142,0.352982
synthetic,normal,random,14,196651,196651,98269043,0.254112,1125.35,[1024-2048],499.713,166.438,7323.14,3171.63,0.0372393,0.0161282,0.0873705,0.0658212,17181.5,12943.8,1.52945,1.89188,0.8008,cuSPARSE_coo11,0.00350514,56.0714,130.839,0.456989
synthetic,normal,random,14,196651,196651,98269043,0.254112,1125.35,[1024-2048],499.713,166.438,7323.14,3171.63,0.0372393,0.0161282,0.0873705,0.0658212,17181.5,12943.8,1.52945,1.89188,0.8008,CSR5_9,1.18837e-06,165385,35.3877,4.06564e-05
synthetic,normal,random,14,196651,196651,98351202,0.254324,1126.29,[1024-2048],500.131,186.451,9893.45,583.432,0.0503097,0.00296684,0.0506691,0.00733987,9964.13,1443.39,100.969,1.89762,0.0986128,cuSPARSE_hyb9-2,0.00415866,47.2995,107.598,0.4462
synthetic,normal,random,14,196651,196651,98351202,0.254324,1126.29,[1024-2048],500.131,186.451,9893.45,583.432,0.0503097,0.00296684,0.0506691,0.00733987,9964.13,1443.39,100.969,1.89762,0.0986128,cuSPARSE_csr11,0.0037237,52.8244,118.863,0.442531
synthetic,normal,random,14,196651,196651,98351202,0.254324,1126.29,[1024-2048],500.131,186.451,9893.45,583.432,0.0503097,0.00296684,0.0506691,0.00733987,9964.13,1443.39,100.969,1.89762,0.0986128,cuSPARSE_coo11,0.00351728,55.9246,132.895,0.465844
synthetic,normal,random,14,196651,196651,98351202,0.254324,1126.29,[1024-2048],500.131,186.451,9893.45,583.432,0.0503097,0.00296684,0.0506691,0.00733987,9964.13,1443.39,100.969,1.89762,0.0986128,CSR5_9,1.1865e-06,165783,35.3647,4.06792e-05
synthetic,normal,random,14,196651,196651,98351202,0.254324,1126.29,[1024-2048],500.131,186.451,9893.97,584.897,0.0503123,0.00297429,0.0506704,0.00752665,9964.38,1480.12,100.969,1.89633,0.520034,cuSPARSE_hyb9-2,0.00318784,61.7039,116.238,0.369186
synthetic,normal,random,14,196651,196651,98351202,0.254324,1126.29,[1024-2048],500.131,186.451,9893.97,584.897,0.0503123,0.00297429,0.0506704,0.00752665,9964.38,1480.12,100.969,1.89633,0.520034,cuSPARSE_csr11,0.00372156,52.8548,117.929,0.437172
synthetic,normal,random,14,196651,196651,98351202,0.254324,1126.29,[1024-2048],500.131,186.451,9893.97,584.897,0.0503123,0.00297429,0.0506704,0.00752665,9964.38,1480.12,100.969,1.89633,0.520034,cuSPARSE_coo11,0.00351155,56.0158,131.575,0.460096
synthetic,normal,random,14,196651,196651,98351202,0.254324,1126.29,[1024-2048],500.131,186.451,9893.97,584.897,0.0503123,0.00297429,0.0506704,0.00752665,9964.38,1480.12,100.969,1.89633,0.520034,CSR5_9,1.13249e-06,173690,35.313,3.81864e-05
synthetic,normal,random,14,196651,196651,98351202,0.254324,1126.29,[1024-2048],500.131,186.451,9803.79,632.857,0.0498538,0.00321818,0.0513015,0.0142963,10088.5,2811.38,100.969,1.87786,0.942933,cuSPARSE_hyb9-2,0.00281699,69.8271,110.105,0.309019
synthetic,normal,random,14,196651,196651,98351202,0.254324,1126.29,[1024-2048],500.131,186.451,9803.79,632.857,0.0498538,0.00321818,0.0513015,0.0142963,10088.5,2811.38,100.969,1.87786,0.942933,cuSPARSE_csr11,0.00372345,52.8279,116.437,0.432049
synthetic,normal,random,14,196651,196651,98351202,0.254324,1126.29,[1024-2048],500.131,186.451,9803.79,632.857,0.0498538,0.00321818,0.0513015,0.0142963,10088.5,2811.38,100.969,1.87786,0.942933,cuSPARSE_coo11,0.00351476,55.9647,129.95,0.455087
synthetic,normal,random,14,196651,196651,98351202,0.254324,1126.29,[1024-2048],500.131,186.451,9803.79,632.857,0.0498538,0.00321818,0.0513015,0.0142963,10088.5,2811.38,100.969,1.87786,0.942933,CSR5_9,1.11572e-06,176300,35.3421,3.81441e-05
synthetic,normal,random,14,196651,196651,98521614,0.254765,1128.24,[1024-2048],500.997,442.325,9896.65,706.215,0.050326,0.00359121,0.0507138,0.00384892,9972.92,756.893,391.519,1.89768,0.097864,cuSPARSE_hyb9-2,0.00414936,47.4876,107.593,0.444569
synthetic,normal,random,14,196651,196651,98521614,0.254765,1128.24,[1024-2048],500.997,442.325,9896.65,706.215,0.050326,0.00359121,0.0507138,0.00384892,9972.92,756.893,391.519,1.89768,0.097864,cuSPARSE_csr11,0.00461833,42.6655,103.462,0.476042
synthetic,normal,random,14,196651,196651,98521614,0.254765,1128.24,[1024-2048],500.997,442.325,9896.65,706.215,0.050326,0.00359121,0.0507138,0.00384892,9972.92,756.893,391.519,1.89768,0.097864,cuSPARSE_coo11,0.00352616,55.8805,132.964,0.467033
synthetic,normal,random,14,196651,196651,98521614,0.254765,1128.24,[1024-2048],500.997,442.325,9896.65,706.215,0.050326,0.00359121,0.0507138,0.00384892,9972.92,756.893,391.519,1.89768,0.097864,CSR5_9,1.14925e-06,171453,35.265,3.87663e-05
synthetic,normal,random,14,196651,196651,98521614,0.254765,1128.24,[1024-2048],500.997,442.325,9897.74,705.352,0.0503315,0.00358682,0.0507122,0.00440313,9972.6,865.879,391.519,1.89765,0.520393,cuSPARSE_hyb9-2,0.00313748,62.8029,116.349,0.363635
synthetic,normal,random,14,196651,196651,98521614,0.254765,1128.24,[1024-2048],500.997,442.325,9897.74,705.352,0.0503315,0.00358682,0.0507122,0.00440313,9972.6,865.879,391.519,1.89765,0.520393,cuSPARSE_csr11,0.00461631,42.6841,102.448,0.471307
synthetic,normal,random,14,196651,196651,98521614,0.254765,1128.24,[1024-2048],500.997,442.325,9897.74,705.352,0.0503315,0.00358682,0.0507122,0.00440313,9972.6,865.879,391.519,1.89765,0.520393,cuSPARSE_coo11,0.00351951,55.9859,131.554,0.461404
synthetic,normal,random,14,196651,196651,98521614,0.254765,1128.24,[1024-2048],500.997,442.325,9897.74,705.352,0.0503315,0.00358682,0.0507122,0.00440313,9972.6,865.879,391.519,1.89765,0.520393,CSR5_9,1.21817e-06,161753,35.2679,4.03385e-05
synthetic,normal,random,14,196651,196651,98521614,0.254765,1128.24,[1024-2048],500.997,442.325,9895.88,712.132,0.050322,0.0036213,0.0508523,0.0123327,10000.2,2425.23,391.519,1.89774,0.944131,cuSPARSE_hyb9-2,0.00279228,70.5671,106.042,0.294659
synthetic,normal,random,14,196651,196651,98521614,0.254765,1128.24,[1024-2048],500.997,442.325,9895.88,712.132,0.050322,0.0036213,0.0508523,0.0123327,10000.2,2425.23,391.519,1.89774,0.944131,cuSPARSE_csr11,0.00462101,42.6407,101.092,0.465495
synthetic,normal,random,14,196651,196651,98521614,0.254765,1128.24,[1024-2048],500.997,442.325,9895.88,712.132,0.050322,0.0036213,0.0508523,0.0123327,10000.2,2425.23,391.519,1.89774,0.944131,cuSPARSE_coo11,0.00352351,55.9225,129.445,0.454599
synthetic,normal,random,14,196651,196651,98521614,0.254765,1128.24,[1024-2048],500.997,442.325,9895.88,712.132,0.050322,0.0036213,0.0508523,0.0123327,10000.2,2425.23,391.519,1.89774,0.944131,CSR5_9,1.24238e-06,158601,35.3863,4.09273e-05
synthetic,normal,random,14,196651,196651,98521651,0.254765,1128.24,[1024-2048],500.997,442.325,9896.66,706.26,0.050326,0.00359144,0.0507138,0.00384917,9972.93,756.944,391.519,1.89768,0.0977887,cuSPARSE_hyb9-2,0.0041414,47.5789,107.732,0.446588
synthetic,normal,random,14,196651,196651,98521651,0.254765,1128.24,[1024-2048],500.997,442.325,9896.66,706.26,0.050326,0.00359144,0.0507138,0.00384917,9972.93,756.944,391.519,1.89768,0.0977887,cuSPARSE_csr11,0.00468527,42.0559,103.572,0.482923
synthetic,normal,random,14,196651,196651,98521651,0.254765,1128.24,[1024-2048],500.997,442.325,9896.66,706.26,0.050326,0.00359144,0.0507138,0.00384917,9972.93,756.944,391.519,1.89768,0.0977887,cuSPARSE_coo11,0.00352621,55.8796,132.957,0.466914
synthetic,normal,random,14,196651,196651,98521651,0.254765,1128.24,[1024-2048],500.997,442.325,9896.66,706.26,0.050326,0.00359144,0.0507138,0.00384917,9972.93,756.944,391.519,1.89768,0.0977887,CSR5_9,1.17905e-06,167120,35.2973,3.99051e-05
synthetic,normal,random,14,196651,196651,98521651,0.254765,1128.24,[1024-2048],500.997,442.325,9898.41,705.183,0.0503349,0.00358596,0.0507086,0.00440198,9971.9,865.653,391.519,1.89765,0.520241,cuSPARSE_hyb9-2,0.00313783,62.7961,116.276,0.364289
synthetic,normal,random,14,196651,196651,98521651,0.254765,1128.24,[1024-2048],500.997,442.325,9898.41,705.183,0.0503349,0.00358596,0.0507086,0.00440198,9971.9,865.653,391.519,1.89765,0.520241,cuSPARSE_csr11,0.004684,42.0673,102.729,0.479213
synthetic,normal,random,14,196651,196651,98521651,0.254765,1128.24,[1024-2048],500.997,442.325,9898.41,705.183,0.0503349,0.00358596,0.0507086,0.00440198,9971.9,865.653,391.519,1.89765,0.520241,cuSPARSE_coo11,0.00352025,55.9742,131.6,0.461495
synthetic,normal,random,14,196651,196651,98521651,0.254765,1128.24,[1024-2048],500.997,442.325,9898.41,705.183,0.0503349,0.00358596,0.0507086,0.00440198,9971.9,865.653,391.519,1.89765,0.520241,CSR5_9,1.14925e-06,171454,35.3865,3.85581e-05
synthetic,normal,random,14,196651,196651,98521651,0.254765,1128.24,[1024-2048],500.997,442.325,9895.17,712.193,0.0503184,0.00362161,0.050856,0.0123328,10000.9,2425.25,391.519,1.89775,0.944141,cuSPARSE_hyb9-2,0.0027924,70.5642,105.954,0.294773
synthetic,normal,random,14,196651,196651,98521651,0.254765,1128.24,[1024-2048],500.997,442.325,9895.17,712.193,0.0503184,0.00362161,0.050856,0.0123328,10000.9,2425.25,391.519,1.89775,0.944141,cuSPARSE_csr11,0.00468643,42.0455,100.968,0.47298
synthetic,normal,random,14,196651,196651,98521651,0.254765,1128.24,[1024-2048],500.997,442.325,9895.17,712.193,0.0503184,0.00362161,0.050856,0.0123328,10000.9,2425.25,391.519,1.89775,0.944141,cuSPARSE_coo11,0.00352368,55.9198,129.37,0.454236
synthetic,normal,random,14,196651,196651,98521651,0.254765,1128.24,[1024-2048],500.997,442.325,9895.17,712.193,0.0503184,0.00362161,0.050856,0.0123328,10000.9,2425.25,391.519,1.89775,0.944141,CSR5_9,1.1567e-06,170349,35.3934,3.94213e-05
synthetic,normal,random,14,196651,196651,98269043,0.254112,1125.35,[1024-2048],499.713,166.438,57853.4,6592.64,0.294193,0.0335246,0.00939996,0.0282353,1848.51,5552.49,1.52945,1.89637,0.0507386,cuSPARSE_hyb9-2,0.0061675,31.8667,98.5352,0.607623
synthetic,normal,random,14,196651,196651,98269043,0.254112,1125.35,[1024-2048],499.713,166.438,57853.4,6592.64,0.294193,0.0335246,0.00939996,0.0282353,1848.51,5552.49,1.52945,1.89637,0.0507386,cuSPARSE_csr11,0.0031202,62.9889,117.887,0.366356
synthetic,normal,random,14,196651,196651,98269043,0.254112,1125.35,[1024-2048],499.713,166.438,57853.4,6592.64,0.294193,0.0335246,0.00939996,0.0282353,1848.51,5552.49,1.52945,1.89637,0.0507386,cuSPARSE_coo11,0.00354917,55.3758,133.853,0.473442
synthetic,normal,random,14,196651,196651,98269043,0.254112,1125.35,[1024-2048],499.713,166.438,57853.4,6592.64,0.294193,0.0335246,0.00939996,0.0282353,1848.51,5552.49,1.52945,1.89637,0.0507386,CSR5_9,1.13249e-06,173545,35.2524,3.85817e-05
synthetic,normal,random,14,196651,196651,98269043,0.254112,1125.35,[1024-2048],499.713,166.438,53462.4,12058.1,0.271865,0.0613174,0.0103872,0.0268367,2042.66,5277.46,1.52945,1.89502,0.425169,cuSPARSE_hyb9-2,0.00545399,36.0356,102.924,0.559416
synthetic,normal,random,14,196651,196651,98269043,0.254112,1125.35,[1024-2048],499.713,166.438,53462.4,12058.1,0.271865,0.0613174,0.0103872,0.0268367,2042.66,5277.46,1.52945,1.89502,0.425169,cuSPARSE_csr11,0.00312362,62.92,117.554,0.365944
synthetic,normal,random,14,196651,196651,98269043,0.254112,1125.35,[1024-2048],499.713,166.438,53462.4,12058.1,0.271865,0.0613174,0.0103872,0.0268367,2042.66,5277.46,1.52945,1.89502,0.425169,cuSPARSE_coo11,0.00358191,54.8696,132.035,0.471297
synthetic,normal,random,14,196651,196651,98269043,0.254112,1125.35,[1024-2048],499.713,166.438,53462.4,12058.1,0.271865,0.0613174,0.0103872,0.0268367,2042.66,5277.46,1.52945,1.89502,0.425169,CSR5_9,1.18837e-06,165385,35.2628,4.02559e-05
synthetic,normal,random,14,196651,196651,98269043,0.254112,1125.35,[1024-2048],499.713,166.438,43459.5,19235.9,0.220998,0.0978175,0.016062,0.029257,3158.61,5753.42,1.52945,1.88878,0.797767,cuSPARSE_hyb9-2,0.00465453,42.2251,105.796,0.490783
synthetic,normal,random,14,196651,196651,98269043,0.254112,1125.35,[1024-2048],499.713,166.438,43459.5,19235.9,0.220998,0.0978175,0.016062,0.029257,3158.61,5753.42,1.52945,1.88878,0.797767,cuSPARSE_csr11,0.00315831,62.2288,116.148,0.365312
synthetic,normal,random,14,196651,196651,98269043,0.254112,1125.35,[1024-2048],499.713,166.438,43459.5,19235.9,0.220998,0.0978175,0.016062,0.029257,3158.61,5753.42,1.52945,1.88878,0.797767,cuSPARSE_coo11,0.00365048,53.8389,129.64,0.474096
synthetic,normal,random,14,196651,196651,98269043,0.254112,1125.35,[1024-2048],499.713,166.438,43459.5,19235.9,0.220998,0.0978175,0.016062,0.029257,3158.61,5753.42,1.52945,1.88878,0.797767,CSR5_9,1.1716e-06,167751,35.3533,3.94759e-05
synthetic,normal,random,14,196651,196651,98351202,0.254324,1126.29,[1024-2048],500.131,186.451,59062.4,3445.14,0.300341,0.017519,0.00849807,0.00296591,1671.15,583.249,100.969,1.89644,0.0571262,cuSPARSE_hyb9-2,0.00513019,38.3421,99.5034,0.509003
synthetic,normal,random,14,196651,196651,98351202,0.254324,1126.29,[1024-2048],500.131,186.451,59062.4,3445.14,0.300341,0.017519,0.00849807,0.00296591,1671.15,583.249,100.969,1.89644,0.0571262,cuSPARSE_csr11,0.00384442,51.1656,118.028,0.451892
synthetic,normal,random,14,196651,196651,98351202,0.254324,1126.29,[1024-2048],500.131,186.451,59062.4,3445.14,0.300341,0.017519,0.00849807,0.00296591,1671.15,583.249,100.969,1.89644,0.0571262,cuSPARSE_coo11,0.00355176,55.3817,133.365,0.474982
synthetic,normal,random,14,196651,196651,98351202,0.254324,1126.29,[1024-2048],500.131,186.451,59062.4,3445.14,0.300341,0.017519,0.00849807,0.00296591,1671.15,583.249,100.969,1.89644,0.0571262,CSR5_9,1.11014e-06,177188,35.2186,3.78199e-05
synthetic,normal,random,14,196651,196651,98351202,0.254324,1126.29,[1024-2048],500.131,186.451,59035.5,3473.02,0.300205,0.0176608,0.00850679,0.00352264,1672.87,692.73,100.969,1.8952,0.49909,cuSPARSE_hyb9-2,0.00378724,51.9382,108.805,0.410491
synthetic,normal,random,14,196651,196651,98351202,0.254324,1126.29,[1024-2048],500.131,186.451,59035.5,3473.02,0.300205,0.0176608,0.00850679,0.00352264,1672.87,692.73,100.969,1.8952,0.49909,cuSPARSE_csr11,0.00389143,50.5476,116.138,0.450135
synthetic,normal,random,14,196651,196651,98351202,0.254324,1126.29,[1024-2048],500.131,186.451,59035.5,3473.02,0.300205,0.0176608,0.00850679,0.00352264,1672.87,692.73,100.969,1.8952,0.49909,cuSPARSE_coo11,0.0035979,54.6715,131.439,0.471268
synthetic,normal,random,14,196651,196651,98351202,0.254324,1126.29,[1024-2048],500.131,186.451,59035.5,3473.02,0.300205,0.0176608,0.00850679,0.00352264,1672.87,692.73,100.969,1.8952,0.49909,CSR5_9,1.20141e-06,163727,35.2402,4.05887e-05
synthetic,normal,random,14,196651,196651,98351202,0.254324,1126.29,[1024-2048],500.131,186.451,58574.4,3744.53,0.297859,0.0190415,0.00868614,0.0102631,1708.14,2018.25,100.969,1.87608,0.940064,cuSPARSE_hyb9-2,0.00285129,68.9872,110.622,0.314386
synthetic,normal,random,14,196651,196651,98351202,0.254324,1126.29,[1024-2048],500.131,186.451,58574.4,3744.53,0.297859,0.0190415,0.00868614,0.0102631,1708.14,2018.25,100.969,1.87608,0.940064,cuSPARSE_csr11,0.00386247,50.9266,115.461,0.444217
synthetic,normal,random,14,196651,196651,98351202,0.254324,1126.29,[1024-2048],500.131,186.451,58574.4,3744.53,0.297859,0.0190415,0.00868614,0.0102631,1708.14,2018.25,100.969,1.87608,0.940064,cuSPARSE_coo11,0.00359644,54.6937,129.415,0.463723
synthetic,normal,random,14,196651,196651,98351202,0.254324,1126.29,[1024-2048],500.131,186.451,58574.4,3744.53,0.297859,0.0190415,0.00868614,0.0102631,1708.14,2018.25,100.969,1.87608,0.940064,CSR5_9,1.24983e-06,157383,35.3777,4.25412e-05
synthetic,normal,random,14,196651,196651,98521614,0.254765,1128.24,[1024-2048],500.997,442.325,59067.3,3462.89,0.300366,0.0176093,0.00850204,0.00230307,1671.93,452.901,391.519,1.89665,0.0571673,cuSPARSE_hyb9-2,0.00508954,38.7153,100.895,0.511642
synthetic,normal,random,14,196651,196651,98521614,0.254765,1128.24,[1024-2048],500.997,442.325,59067.3,3462.89,0.300366,0.0176093,0.00850204,0.00230307,1671.93,452.901,391.519,1.89665,0.0571673,cuSPARSE_csr11,0.00473282,41.6334,102.979,0.485446
synthetic,normal,random,14,196651,196651,98521614,0.254765,1128.24,[1024-2048],500.997,442.325,59067.3,3462.89,0.300366,0.0176093,0.00850204,0.00230307,1671.93,452.901,391.519,1.89665,0.0571673,cuSPARSE_coo11,0.00355927,55.3606,133.563,0.473711
synthetic,normal,random,14,196651,196651,98521614,0.254765,1128.24,[1024-2048],500.997,442.325,59067.3,3462.89,0.300366,0.0176093,0.00850204,0.00230307,1671.93,452.901,391.519,1.89665,0.0571673,CSR5_9,1.1418e-06,172572,35.2661,3.88653e-05
synthetic,normal,random,14,196651,196651,98521614,0.254765,1128.24,[1024-2048],500.997,442.325,59056,3478.29,0.300309,0.0176877,0.00850886,0.00321002,1673.28,631.255,391.519,1.89662,0.498759,cuSPARSE_hyb9-2,0.00370881,53.1284,109.025,0.402676
synthetic,normal,random,14,196651,196651,98521614,0.254765,1128.24,[1024-2048],500.997,442.325,59056,3478.29,0.300309,0.0176877,0.00850886,0.00321002,1673.28,631.255,391.519,1.89662,0.498759,cuSPARSE_csr11,0.00478597,41.171,101.548,0.484167
synthetic,normal,random,14,196651,196651,98521614,0.254765,1128.24,[1024-2048],500.997,442.325,59056,3478.29,0.300309,0.0176877,0.00850886,0.00321002,1673.28,631.255,391.519,1.89662,0.498759,cuSPARSE_coo11,0.00360592,54.6444,131.344,0.471912
synthetic,normal,random,14,196651,196651,98521614,0.254765,1128.24,[1024-2048],500.997,442.325,59056,3478.29,0.300309,0.0176877,0.00850886,0.00321002,1673.28,631.255,391.519,1.89662,0.498759,CSR5_9,1.1418e-06,172572,35.3699,3.87144e-05
synthetic,normal,random,14,196651,196651,98521614,0.254765,1128.24,[1024-2048],500.997,442.325,59097.2,3497.35,0.300518,0.0177846,0.0086467,0.0124596,1700.38,2450.19,391.519,1.89664,0.941196,cuSPARSE_hyb9-2,0.00280298,70.2978,106.441,0.297807
synthetic,normal,random,14,196651,196651,98521614,0.254765,1128.24,[1024-2048],500.997,442.325,59097.2,3497.35,0.300518,0.0177846,0.0086467,0.0124596,1700.38,2450.19,391.519,1.89664,0.941196,cuSPARSE_csr11,0.00473641,41.6018,100.792,0.475592
synthetic,normal,random,14,196651,196651,98521614,0.254765,1128.24,[1024-2048],500.997,442.325,59097.2,3497.35,0.300518,0.0177846,0.0086467,0.0124596,1700.38,2450.19,391.519,1.89664,0.941196,cuSPARSE_coo11,0.00360076,54.7227,128.976,0.462691
synthetic,normal,random,14,196651,196651,98521614,0.254765,1128.24,[1024-2048],500.997,442.325,59097.2,3497.35,0.300518,0.0177846,0.0086467,0.0124596,1700.38,2450.19,391.519,1.89664,0.941196,CSR5_9,1.14925e-06,171453,35.3347,3.91596e-05
synthetic,normal,random,14,196651,196651,98521651,0.254765,1128.24,[1024-2048],500.997,442.325,59067,3463.34,0.300365,0.0176116,0.0085021,0.00230309,1671.95,452.904,391.519,1.89665,0.0571295,cuSPARSE_hyb9-2,0.00508933,38.717,99.8288,0.506048
synthetic,normal,random,14,196651,196651,98521651,0.254765,1128.24,[1024-2048],500.997,442.325,59067,3463.34,0.300365,0.0176116,0.0085021,0.00230309,1671.95,452.904,391.519,1.89665,0.0571295,cuSPARSE_csr11,0.00480012,41.0497,102.912,0.493301
synthetic,normal,random,14,196651,196651,98521651,0.254765,1128.24,[1024-2048],500.997,442.325,59067,3463.34,0.300365,0.0176116,0.0085021,0.00230309,1671.95,452.904,391.519,1.89665,0.0571295,cuSPARSE_coo11,0.00356023,55.3456,133.562,0.475233
synthetic,normal,random,14,196651,196651,98521651,0.254765,1128.24,[1024-2048],500.997,442.325,59067,3463.34,0.300365,0.0176116,0.0085021,0.00230309,1671.95,452.904,391.519,1.89665,0.0571295,CSR5_9,1.1716e-06,168183,35.3426,3.90448e-05
synthetic,normal,random,14,196651,196651,98521651,0.254765,1128.24,[1024-2048],500.997,442.325,59057.3,3478.54,0.300315,0.0176889,0.00850868,0.00321004,1673.24,631.257,391.519,1.89662,0.498646,cuSPARSE_hyb9-2,0.00370812,53.1383,109.146,0.403354
synthetic,normal,random,14,196651,196651,98521651,0.254765,1128.24,[1024-2048],500.997,442.325,59057.3,3478.54,0.300315,0.0176889,0.00850868,0.00321004,1673.24,631.257,391.519,1.89662,0.498646,cuSPARSE_csr11,0.00485223,40.6088,101.979,0.493
synthetic,normal,random,14,196651,196651,98521651,0.254765,1128.24,[1024-2048],500.997,442.325,59057.3,3478.54,0.300315,0.0176889,0.00850868,0.00321004,1673.24,631.257,391.519,1.89662,0.498646,cuSPARSE_coo11,0.00360646,54.6362,131.484,0.472507
synthetic,normal,random,14,196651,196651,98521651,0.254765,1128.24,[1024-2048],500.997,442.325,59057.3,3478.54,0.300315,0.0176889,0.00850868,0.00321004,1673.24,631.257,391.519,1.89662,0.498646,CSR5_9,1.22748e-06,160526,35.366,3.95513e-05
synthetic,normal,random,14,196651,196651,98521651,0.254765,1128.24,[1024-2048],500.997,442.325,59098,3497.59,0.300522,0.0177858,0.00864659,0.0124596,1700.36,2450.2,391.519,1.89664,0.941181,cuSPARSE_hyb9-2,0.00280172,70.3295,106.439,0.297275
synthetic,normal,random,14,196651,196651,98521651,0.254765,1128.24,[1024-2048],500.997,442.325,59098,3497.59,0.300522,0.0177858,0.00864659,0.0124596,1700.36,2450.2,391.519,1.89664,0.941181,cuSPARSE_csr11,0.00480253,41.0291,100.896,0.482905
synthetic,normal,random,14,196651,196651,98521651,0.254765,1128.24,[1024-2048],500.997,442.325,59098,3497.59,0.300522,0.0177858,0.00864659,0.0124596,1700.36,2450.2,391.519,1.89664,0.941181,cuSPARSE_coo11,0.00360454,54.6653,128.906,0.462249
synthetic,normal,random,14,196651,196651,98521651,0.254765,1128.24,[1024-2048],500.997,442.325,59098,3497.59,0.300522,0.0177858,0.00864659,0.0124596,1700.36,2450.2,391.519,1.89664,0.941181,CSR5_9,1.13249e-06,173991,35.3766,3.86011e-05
synthetic,normal,random,14,196651,196651,98269043,0.254112,1125.35,[1024-2048],499.713,166.438,115580,13296,0.587741,0.0676124,0.00509937,0.0280919,1002.8,5524.31,1.52945,1.89626,0.0461118,cuSPARSE_hyb9-2,0.00628028,31.2945,98.1944,0.613801
synthetic,normal,random,14,196651,196651,98269043,0.254112,1125.35,[1024-2048],499.713,166.438,115580,13296,0.587741,0.0676124,0.00509937,0.0280919,1002.8,5524.31,1.52945,1.89626,0.0461118,cuSPARSE_csr11,0.00351709,55.8808,114.306,0.400717
synthetic,normal,random,14,196651,196651,98269043,0.254112,1125.35,[1024-2048],499.713,166.438,115580,13296,0.587741,0.0676124,0.00509937,0.0280919,1002.8,5524.31,1.52945,1.89626,0.0461118,cuSPARSE_coo11,0.00385581,50.9719,130.268,0.499879
synthetic,normal,random,14,196651,196651,98269043,0.254112,1125.35,[1024-2048],499.713,166.438,115580,13296,0.587741,0.0676124,0.00509937,0.0280919,1002.8,5524.31,1.52945,1.89626,0.0461118,CSR5_9,1.14925e-06,171014,35.2381,3.90503e-05
synthetic,normal,random,14,196651,196651,98269043,0.254112,1125.35,[1024-2048],499.713,166.438,106778,24271.7,0.542982,0.123425,0.00565289,0.0282866,1111.65,5562.58,1.52945,1.89486,0.422626,cuSPARSE_hyb9-2,0.00554262,35.4594,102.473,0.568958
synthetic,normal,random,14,196651,196651,98269043,0.254112,1125.35,[1024-2048],499.713,166.438,106778,24271.7,0.542982,0.123425,0.00565289,0.0282866,1111.65,5562.58,1.52945,1.89486,0.422626,cuSPARSE_csr11,0.00349314,56.264,114.177,0.397473
synthetic,normal,random,14,196651,196651,98269043,0.254112,1125.35,[1024-2048],499.713,166.438,106778,24271.7,0.542982,0.123425,0.00565289,0.0282866,1111.65,5562.58,1.52945,1.89486,0.422626,cuSPARSE_coo11,0.0038737,50.7366,129.175,0.498591
synthetic,normal,random,14,196651,196651,98269043,0.254112,1125.35,[1024-2048],499.713,166.438,106778,24271.7,0.542982,0.123425,0.00565289,0.0282866,1111.65,5562.58,1.52945,1.89486,0.422626,CSR5_9,1.20327e-06,163337,35.2211,3.96548e-05
synthetic,normal,random,14,196651,196651,98269043,0.254112,1125.35,[1024-2048],499.713,166.438,86742.5,38442.4,0.441099,0.195485,0.008516,0.0283621,1674.68,5577.44,1.52945,1.88837,0.797549,cuSPARSE_hyb9-2,0.00473713,41.4889,105.54,0.499369
synthetic,normal,random,14,196651,196651,98269043,0.254112,1125.35,[1024-2048],499.713,166.438,86742.5,38442.4,0.441099,0.195485,0.008516,0.0283621,1674.68,5577.44,1.52945,1.88837,0.797549,cuSPARSE_csr11,0.0033943,57.9023,112.858,0.381837
synthetic,normal,random,14,196651,196651,98269043,0.254112,1125.35,[1024-2048],499.713,166.438,86742.5,38442.4,0.441099,0.195485,0.008516,0.0283621,1674.68,5577.44,1.52945,1.88837,0.797549,cuSPARSE_coo11,0.00379048,51.8505,128.163,0.486536
synthetic,normal,random,14,196651,196651,98269043,0.254112,1125.35,[1024-2048],499.713,166.438,86742.5,38442.4,0.441099,0.195485,0.008516,0.0283621,1674.68,5577.44,1.52945,1.88837,0.797549,CSR5_9,1.16415e-06,168825,35.2783,3.96398e-05
synthetic,normal,random,14,196651,196651,98351202,0.254324,1126.29,[1024-2048],500.131,186.451,118030,6897.42,0.600199,0.0350744,0.0042536,0.00171817,836.476,337.88,100.969,1.8963,0.0551438,cuSPARSE_hyb9-2,0.00529966,37.1161,99.1719,0.522486
synthetic,normal,random,14,196651,196651,98351202,0.254324,1126.29,[1024-2048],500.131,186.451,118030,6897.42,0.600199,0.0350744,0.0042536,0.00171817,836.476,337.88,100.969,1.8963,0.0551438,cuSPARSE_csr11,0.00437538,44.9566,114.003,0.497042
synthetic,normal,random,14,196651,196651,98351202,0.254324,1126.29,[1024-2048],500.131,186.451,118030,6897.42,0.600199,0.0350744,0.0042536,0.00171817,836.476,337.88,100.969,1.8963,0.0551438,cuSPARSE_coo11,0.00385823,50.9826,130.236,0.50049
synthetic,normal,random,14,196651,196651,98351202,0.254324,1126.29,[1024-2048],500.131,186.451,118030,6897.42,0.600199,0.0350744,0.0042536,0.00171817,836.476,337.88,100.969,1.8963,0.0551438,CSR5_9,1.1716e-06,167892,35.1989,3.95345e-05
synthetic,normal,random,14,196651,196651,98351202,0.254324,1126.29,[1024-2048],500.131,186.451,117966,6969.85,0.599877,0.0354427,0.00425664,0.00173722,837.072,341.626,100.969,1.89512,0.497707,cuSPARSE_hyb9-2,0.00387494,50.7627,107.959,0.416806
synthetic,normal,random,14,196651,196651,98351202,0.254324,1126.29,[1024-2048],500.131,186.451,117966,6969.85,0.599877,0.0354427,0.00425664,0.00173722,837.072,341.626,100.969,1.89512,0.497707,cuSPARSE_csr11,0.00429677,45.7791,113.489,0.485934
synthetic,normal,random,14,196651,196651,98351202,0.254324,1126.29,[1024-2048],500.131,186.451,117966,6969.85,0.599877,0.0354427,0.00425664,0.00173722,837.072,341.626,100.969,1.89512,0.497707,cuSPARSE_coo11,0.00386937,50.8358,128.388,0.495479
synthetic,normal,random,14,196651,196651,98351202,0.254324,1126.29,[1024-2048],500.131,186.451,117966,6969.85,0.599877,0.0354427,0.00425664,0.00173722,837.072,341.626,100.969,1.89512,0.497707,CSR5_9,1.14925e-06,171157,35.2696,3.83522e-05
synthetic,normal,random,14,196651,196651,98351202,0.254324,1126.29,[1024-2048],500.131,186.451,116994,7444.28,0.594931,0.0378553,0.00430335,0.00266353,846.257,523.786,100.969,1.87568,0.93937,cuSPARSE_hyb9-2,0.00287272,68.4726,110.54,0.316328
synthetic,normal,random,14,196651,196651,98351202,0.254324,1126.29,[1024-2048],500.131,186.451,116994,7444.28,0.594931,0.0378553,0.00430335,0.00266353,846.257,523.786,100.969,1.87568,0.93937,cuSPARSE_csr11,0.00393113,50.0372,114.927,0.450224
synthetic,normal,random,14,196651,196651,98351202,0.254324,1126.29,[1024-2048],500.131,186.451,116994,7444.28,0.594931,0.0378553,0.00430335,0.00266353,846.257,523.786,100.969,1.87568,0.93937,cuSPARSE_coo11,0.00361947,54.3456,129.385,0.46678
synthetic,normal,random,14,196651,196651,98351202,0.254324,1126.29,[1024-2048],500.131,186.451,116994,7444.28,0.594931,0.0378553,0.00430335,0.00266353,846.257,523.786,100.969,1.87568,0.93937,CSR5_9,1.1418e-06,172274,35.3302,3.90122e-05
synthetic,normal,random,14,196651,196651,98521614,0.254765,1128.24,[1024-2048],500.997,442.325,118040,6935.14,0.600253,0.0352662,0.00425712,0.00226258,837.167,444.938,391.519,1.89655,0.0543369,cuSPARSE_hyb9-2,0.00526791,37.4045,99.6808,0.522919
synthetic,normal,random,14,196651,196651,98521614,0.254765,1128.24,[1024-2048],500.997,442.325,118040,6935.14,0.600253,0.0352662,0.00425712,0.00226258,837.167,444.938,391.519,1.89655,0.0543369,cuSPARSE_csr11,0.00526419,37.4309,101.638,0.533161
synthetic,normal,random,14,196651,196651,98521614,0.254765,1128.24,[1024-2048],500.997,442.325,118040,6935.14,0.600253,0.0352662,0.00425712,0.00226258,837.167,444.938,391.519,1.89655,0.0543369,cuSPARSE_coo11,0.00386508,50.9804,130.342,0.501916
synthetic,normal,random,14,196651,196651,98521614,0.254765,1128.24,[1024-2048],500.997,442.325,118040,6935.14,0.600253,0.0352662,0.00425712,0.00226258,837.167,444.938,391.519,1.89655,0.0543369,CSR5_9,1.13994e-06,172854,35.2864,3.8987e-05
synthetic,normal,random,14,196651,196651,98521614,0.254765,1128.24,[1024-2048],500.997,442.325,118049,6927.69,0.600295,0.0352283,0.00426183,0.00318767,838.094,626.858,391.519,1.89662,0.495909,cuSPARSE_hyb9-2,0.00381059,51.7093,108.254,0.403571
synthetic,normal,random,14,196651,196651,98521614,0.254765,1128.24,[1024-2048],500.997,442.325,118049,6927.69,0.600295,0.0352283,0.00426183,0.00318767,838.094,626.858,391.519,1.89662,0.495909,cuSPARSE_csr11,0.00518076,38.0337,100.773,0.519759
synthetic,normal,random,14,196651,196651,98521614,0.254765,1128.24,[1024-2048],500.997,442.325,118049,6927.69,0.600295,0.0352283,0.00426183,0.00318767,838.094,626.858,391.519,1.89662,0.495909,cuSPARSE_coo11,0.00387747,50.8175,128.353,0.495674
synthetic,normal,random,14,196651,196651,98521614,0.254765,1128.24,[1024-2048],500.997,442.325,118049,6927.69,0.600295,0.0352283,0.00426183,0.00318767,838.094,626.858,391.519,1.89662,0.495909,CSR5_9,1.2815e-06,153760,35.1968,4.39545e-05
synthetic,normal,random,14,196651,196651,98521614,0.254765,1128.24,[1024-2048],500.997,442.325,117816,7224.27,0.59911,0.0367365,0.00441733,0.0125043,868.673,2458.98,391.519,1.89633,0.939798,cuSPARSE_hyb9-2,0.00282033,69.8654,107.718,0.302785
synthetic,normal,random,14,196651,196651,98521614,0.254765,1128.24,[1024-2048],500.997,442.325,117816,7224.27,0.59911,0.0367365,0.00441733,0.0125043,868.673,2458.98,391.519,1.89633,0.939798,cuSPARSE_csr11,0.00478009,41.2217,100.417,0.478717
synthetic,normal,random,14,196651,196651,98521614,0.254765,1128.24,[1024-2048],500.997,442.325,117816,7224.27,0.59911,0.0367365,0.00441733,0.0125043,868.673,2458.98,391.519,1.89633,0.939798,cuSPARSE_coo11,0.00362142,54.4105,128.643,0.465453
synthetic,normal,random,14,196651,196651,98521614,0.254765,1128.24,[1024-2048],500.997,442.325,117816,7224.27,0.59911,0.0367365,0.00441733,0.0125043,868.673,2458.98,391.519,1.89633,0.939798,CSR5_9,1.18837e-06,165810,35.3101,3.9504e-05
synthetic,normal,random,14,196651,196651,98521651,0.254765,1128.24,[1024-2048],500.997,442.325,118040,6934.44,0.60025,0.0352627,0.00425714,0.00226257,837.17,444.937,391.519,1.89655,0.0543465,cuSPARSE_hyb9-2,0.00526963,37.3922,98.2375,0.515806
synthetic,normal,random,14,196651,196651,98521651,0.254765,1128.24,[1024-2048],500.997,442.325,118040,6934.44,0.60025,0.0352627,0.00425714,0.00226257,837.17,444.937,391.519,1.89655,0.0543465,cuSPARSE_csr11,0.00533736,36.9178,100.316,0.533499
synthetic,normal,random,14,196651,196651,98521651,0.254765,1128.24,[1024-2048],500.997,442.325,118040,6934.44,0.60025,0.0352627,0.00425714,0.00226257,837.17,444.937,391.519,1.89655,0.0543465,cuSPARSE_coo11,0.00386534,50.977,129.93,0.501555
synthetic,normal,random,14,196651,196651,98521651,0.254765,1128.24,[1024-2048],500.997,442.325,118040,6934.44,0.60025,0.0352627,0.00425714,0.00226257,837.17,444.937,391.519,1.89655,0.0543465,CSR5_9,1.16415e-06,169259,35.2279,3.92212e-05
synthetic,normal,random,14,196651,196651,98521651,0.254765,1128.24,[1024-2048],500.997,442.325,118045,6926.59,0.600277,0.0352228,0.00426196,0.00318766,838.118,626.857,391.519,1.89662,0.496087,cuSPARSE_hyb9-2,0.00381193,51.6912,107.683,0.411487
synthetic,normal,random,14,196651,196651,98521651,0.254765,1128.24,[1024-2048],500.997,442.325,118045,6926.59,0.600277,0.0352228,0.00426196,0.00318766,838.118,626.857,391.519,1.89662,0.496087,cuSPARSE_csr11,0.00524904,37.5389,99.3891,0.522935
synthetic,normal,random,14,196651,196651,98521651,0.254765,1128.24,[1024-2048],500.997,442.325,118045,6926.59,0.600277,0.0352228,0.00426196,0.00318766,838.118,626.857,391.519,1.89662,0.496087,cuSPARSE_coo11,0.00387707,50.8227,128.23,0.495466
synthetic,normal,random,14,196651,196651,98521651,0.254765,1128.24,[1024-2048],500.997,442.325,118045,6926.59,0.600277,0.0352228,0.00426196,0.00318766,838.118,626.857,391.519,1.89662,0.496087,CSR5_9,1.1865e-06,166070,35.2069,4.01377e-05
synthetic,normal,random,14,196651,196651,98521651,0.254765,1128.24,[1024-2048],500.997,442.325,117807,7231.01,0.599066,0.0367708,0.00441769,0.0125043,868.742,2458.98,391.519,1.89635,0.939797,cuSPARSE_hyb9-2,0.0028212,69.8437,106.457,0.299287
synthetic,normal,random,14,196651,196651,98521651,0.254765,1128.24,[1024-2048],500.997,442.325,117807,7231.01,0.599066,0.0367708,0.00441769,0.0125043,868.742,2458.98,391.519,1.89635,0.939797,cuSPARSE_csr11,0.00484245,40.6908,100.626,0.486361
synthetic,normal,random,14,196651,196651,98521651,0.254765,1128.24,[1024-2048],500.997,442.325,117807,7231.01,0.599066,0.0367708,0.00441769,0.0125043,868.742,2458.98,391.519,1.89635,0.939797,cuSPARSE_coo11,0.00362181,54.4047,129.051,0.46561
synthetic,normal,random,14,196651,196651,98521651,0.254765,1128.24,[1024-2048],500.997,442.325,117807,7231.01,0.599066,0.0367708,0.00441769,0.0125043,868.742,2458.98,391.519,1.89635,0.939797,CSR5_9,1.18837e-06,165810,35.2608,4.00819e-05
synthetic,normal,random,14,23478271,23478271,117402022,2.12982e-05,1433.12,[1024-2048],5.00045,1.69005,245951,621093,0.0104757,0.0264539,0.797493,0.40186,1.87237e+07,9.43498e+06,1.79975,1.51317,0.0457746,cuSPARSE_hyb9-2,0.0311949,7.52701,75.7508,2.35702
synthetic,normal,random,14,23478271,23478271,117402022,2.12982e-05,1433.12,[1024-2048],5.00045,1.69005,245951,621093,0.0104757,0.0264539,0.797493,0.40186,1.87237e+07,9.43498e+06,1.79975,1.51317,0.0457746,cuSPARSE_csr11,0.0122607,19.151,109.772,1.34126
synthetic,normal,random,14,23478271,23478271,117402022,2.12982e-05,1433.12,[1024-2048],5.00045,1.69005,245951,621093,0.0104757,0.0264539,0.797493,0.40186,1.87237e+07,9.43498e+06,1.79975,1.51317,0.0457746,cuSPARSE_coo11,0.0153555,15.2912,93.8772,1.43723
synthetic,normal,random,14,23478271,23478271,117402022,2.12982e-05,1433.12,[1024-2048],5.00045,1.69005,245951,621093,0.0104757,0.0264539,0.797493,0.40186,1.87237e+07,9.43498e+06,1.79975,1.51317,0.0457746,CSR5_9,1.14925e-06,204310,35.384,3.92029e-05
synthetic,normal,random,14,23478271,23478271,117402022,2.12982e-05,1433.12,[1024-2048],5.00045,1.69005,524382,842137,0.0223348,0.0358688,0.596433,0.490601,1.40032e+07,1.15185e+07,1.79975,1.39574,0.454519,cuSPARSE_hyb9-2,0.0220581,10.6448,78.7719,1.73211
synthetic,normal,random,14,23478271,23478271,117402022,2.12982e-05,1433.12,[1024-2048],5.00045,1.69005,524382,842137,0.0223348,0.0358688,0.596433,0.490601,1.40032e+07,1.15185e+07,1.79975,1.39574,0.454519,cuSPARSE_csr11,0.0105534,22.2491,111.9,1.17581
synthetic,normal,random,14,23478271,23478271,117402022,2.12982e-05,1433.12,[1024-2048],5.00045,1.69005,524382,842137,0.0223348,0.0358688,0.596433,0.490601,1.40032e+07,1.15185e+07,1.79975,1.39574,0.454519,cuSPARSE_coo11,0.0105517,22.2527,104.508,1.09873
synthetic,normal,random,14,23478271,23478271,117402022,2.12982e-05,1433.12,[1024-2048],5.00045,1.69005,524382,842137,0.0223348,0.0358688,0.596433,0.490601,1.40032e+07,1.15185e+07,1.79975,1.39574,0.454519,CSR5_9,1.17905e-06,199146,35.3489,3.97499e-05
synthetic,normal,random,14,23478271,23478271,117402022,2.12982e-05,1433.12,[1024-2048],5.00045,1.69005,1.24059e+06,1.02393e+06,0.0528399,0.0436116,0.166675,0.372663,3.91323e+06,8.74947e+06,1.79975,0.937879,0.844418,cuSPARSE_hyb9-2,0.0117771,19.9373,86.9151,1.01999
synthetic,normal,random,14,23478271,23478271,117402022,2.12982e-05,1433.12,[1024-2048],5.00045,1.69005,1.24059e+06,1.02393e+06,0.0528399,0.0436116,0.166675,0.372663,3.91323e+06,8.74947e+06,1.79975,0.937879,0.844418,cuSPARSE_csr11,0.0089236,26.3127,113.507,1.0115
synthetic,normal,random,14,23478271,23478271,117402022,2.12982e-05,1433.12,[1024-2048],5.00045,1.69005,1.24059e+06,1.02393e+06,0.0528399,0.0436116,0.166675,0.372663,3.91323e+06,8.74947e+06,1.79975,0.937879,0.844418,cuSPARSE_coo11,0.0072458,32.4055,119.09,0.859759
synthetic,normal,random,14,23478271,23478271,117402022,2.12982e-05,1433.12,[1024-2048],5.00045,1.69005,1.24059e+06,1.02393e+06,0.0528399,0.0436116,0.166675,0.372663,3.91323e+06,8.74947e+06,1.79975,0.937879,0.844418,CSR5_9,1.16415e-06,201695,35.2387,3.93236e-05
synthetic,normal,random,14,23478271,23478271,117649677,2.13432e-05,1435.96,[1024-2048],5.011,1.66819,226253,597002,0.00963671,0.0254279,0.814486,0.388707,1.91227e+07,9.12616e+06,100.776,1.52084,0.0500233,cuSPARSE_hyb9-2,0.0296593,7.93342,74.752,2.2112
synthetic,normal,random,14,23478271,23478271,117649677,2.13432e-05,1435.96,[1024-2048],5.011,1.66819,226253,597002,0.00963671,0.0254279,0.814486,0.388707,1.91227e+07,9.12616e+06,100.776,1.52084,0.0500233,cuSPARSE_csr11,0.0138792,16.9533,106.357,1.4708
synthetic,normal,random,14,23478271,23478271,117649677,2.13432e-05,1435.96,[1024-2048],5.011,1.66819,226253,597002,0.00963671,0.0254279,0.814486,0.388707,1.91227e+07,9.12616e+06,100.776,1.52084,0.0500233,cuSPARSE_coo11,0.0155122,15.1686,93.3306,1.44388
synthetic,normal,random,14,23478271,23478271,117649677,2.13432e-05,1435.96,[1024-2048],5.011,1.66819,226253,597002,0.00963671,0.0254279,0.814486,0.388707,1.91227e+07,9.12616e+06,100.776,1.52084,0.0500233,CSR5_9,1.18837e-06,198002,35.2973,3.9065e-05
synthetic,normal,random,14,23478271,23478271,117649677,2.13432e-05,1435.96,[1024-2048],5.011,1.66819,226467,597090,0.00964581,0.0254316,0.814313,0.388847,1.91187e+07,9.12945e+06,100.776,1.52076,0.500061,cuSPARSE_hyb9-2,0.017093,13.7658,78.9191,1.34654
synthetic,normal,random,14,23478271,23478271,117649677,2.13432e-05,1435.96,[1024-2048],5.011,1.66819,226467,597090,0.00964581,0.0254316,0.814313,0.388847,1.91187e+07,9.12945e+06,100.776,1.52076,0.500061,cuSPARSE_csr11,0.0100153,23.494,112.352,1.12105
synthetic,normal,random,14,23478271,23478271,117649677,2.13432e-05,1435.96,[1024-2048],5.011,1.66819,226467,597090,0.00964581,0.0254316,0.814313,0.388847,1.91187e+07,9.12945e+06,100.776,1.52076,0.500061,cuSPARSE_coo11,0.00881187,26.7025,112.396,0.987332
synthetic,normal,random,14,23478271,23478271,117649677,2.13432e-05,1435.96,[1024-2048],5.011,1.66819,226467,597090,0.00964581,0.0254316,0.814313,0.388847,1.91187e+07,9.12945e+06,100.776,1.52076,0.500061,CSR5_9,1.23493e-06,190536,35.3556,3.85946e-05
synthetic,normal,random,14,23478271,23478271,117649677,2.13432e-05,1435.96,[1024-2048],5.011,1.66819,226059,596751,0.00962843,0.0254171,0.814529,0.388672,1.91237e+07,9.12536e+06,100.776,1.5209,0.949825,cuSPARSE_hyb9-2,0.0043127,54.5596,101.249,0.437325
synthetic,normal,random,14,23478271,23478271,117649677,2.13432e-05,1435.96,[1024-2048],5.011,1.66819,226059,596751,0.00962843,0.0254171,0.814529,0.388672,1.91237e+07,9.12536e+06,100.776,1.5209,0.949825,cuSPARSE_csr11,0.00757273,31.0719,111.014,0.840084
synthetic,normal,random,14,23478271,23478271,117649677,2.13432e-05,1435.96,[1024-2048],5.011,1.66819,226059,596751,0.00962843,0.0254171,0.814529,0.388672,1.91237e+07,9.12536e+06,100.776,1.5209,0.949825,cuSPARSE_coo11,0.00569164,41.3412,124.915,0.708803
synthetic,normal,random,14,23478271,23478271,117649677,2.13432e-05,1435.96,[1024-2048],5.011,1.66819,226059,596751,0.00962843,0.0254171,0.814529,0.388672,1.91237e+07,9.12536e+06,100.776,1.5209,0.949825,CSR5_9,1.12504e-06,209148,35.2262,3.785e-05
synthetic,normal,random,14,23478271,23478271,117419996,2.13015e-05,1433.33,[1024-2048],5.00122,1.82902,226089,596687,0.00962973,0.0254144,0.814552,0.388653,1.91243e+07,9.1249e+06,1000.76,1.5201,0.0500227,cuSPARSE_hyb9-2,0.0296206,7.92827,74.7233,2.20995
synthetic,normal,random,14,23478271,23478271,117419996,2.13015e-05,1433.33,[1024-2048],5.00122,1.82902,226089,596687,0.00962973,0.0254144,0.814552,0.388653,1.91243e+07,9.1249e+06,1000.76,1.5201,0.0500227,cuSPARSE_csr11,0.013779,17.0433,106.241,1.45918
synthetic,normal,random,14,23478271,23478271,117419996,2.13015e-05,1433.33,[1024-2048],5.00122,1.82902,226089,596687,0.00962973,0.0254144,0.814552,0.388653,1.91243e+07,9.1249e+06,1000.76,1.5201,0.0500227,cuSPARSE_coo11,0.0154958,15.1551,93.3562,1.44374
synthetic,normal,random,14,23478271,23478271,117419996,2.13015e-05,1433.33,[1024-2048],5.00122,1.82902,226089,596687,0.00962973,0.0254144,0.814552,0.388653,1.91243e+07,9.1249e+06,1000.76,1.5201,0.0500227,CSR5_9,1.11759e-06,210131,35.3816,3.8478e-05
synthetic,normal,random,14,23478271,23478271,117419996,2.13015e-05,1433.33,[1024-2048],5.00122,1.82902,226317,596806,0.00963942,0.0254195,0.814377,0.388795,1.91202e+07,9.12823e+06,1000.76,1.52002,0.500061,cuSPARSE_hyb9-2,0.0170617,13.7642,78.868,1.34111
synthetic,normal,random,14,23478271,23478271,117419996,2.13015e-05,1433.33,[1024-2048],5.00122,1.82902,226317,596806,0.00963942,0.0254195,0.814377,0.388795,1.91202e+07,9.12823e+06,1000.76,1.52002,0.500061,cuSPARSE_csr11,0.0100094,23.462,111.926,1.11664
synthetic,normal,random,14,23478271,23478271,117419996,2.13015e-05,1433.33,[1024-2048],5.00122,1.82902,226317,596806,0.00963942,0.0254195,0.814377,0.388795,1.91202e+07,9.12823e+06,1000.76,1.52002,0.500061,cuSPARSE_coo11,0.00880631,26.6673,112.414,0.986435
synthetic,normal,random,14,23478271,23478271,117419996,2.13015e-05,1433.33,[1024-2048],5.00122,1.82902,226317,596806,0.00963942,0.0254195,0.814377,0.388795,1.91202e+07,9.12823e+06,1000.76,1.52002,0.500061,CSR5_9,1.1716e-06,200443,35.3935,3.99122e-05
synthetic,normal,random,14,23478271,23478271,117419996,2.13015e-05,1433.33,[1024-2048],5.00122,1.82902,225905,596436,0.00962188,0.0254037,0.814586,0.388627,1.91251e+07,9.12428e+06,1000.76,1.52016,0.949825,cuSPARSE_hyb9-2,0.00427355,54.9519,102.83,0.437917
synthetic,normal,random,14,23478271,23478271,117419996,2.13015e-05,1433.33,[1024-2048],5.00122,1.82902,225905,596436,0.00962188,0.0254037,0.814586,0.388627,1.91251e+07,9.12428e+06,1000.76,1.52016,0.949825,cuSPARSE_csr11,0.00756816,31.03,110.628,0.839338
synthetic,normal,random,14,23478271,23478271,117419996,2.13015e-05,1433.33,[1024-2048],5.00122,1.82902,225905,596436,0.00962188,0.0254037,0.814586,0.388627,1.91251e+07,9.12428e+06,1000.76,1.52016,0.949825,cuSPARSE_coo11,0.00568428,41.3139,124.661,0.707883
synthetic,normal,random,14,23478271,23478271,117419996,2.13015e-05,1433.33,[1024-2048],5.00122,1.82902,225905,596436,0.00962188,0.0254037,0.814586,0.388627,1.91251e+07,9.12428e+06,1000.76,1.52016,0.949825,CSR5_9,1.21258e-06,193669,35.2927,3.9917e-05
